phase,split,true_index,true_class,predicted_index,predicted_class,count,row_fraction
ideal,selection,0,Squash___Powdery_mildew,0,Squash___Powdery_mildew,219,0.9954545454545455
ideal,selection,0,Squash___Powdery_mildew,1,Corn_(maize)___Common_rust_,0,0.0
ideal,selection,0,Squash___Powdery_mildew,2,Orange___Haunglongbing_(Citrus_greening),0,0.0
ideal,selection,0,Squash___Powdery_mildew,3,Grape___healthy,0,0.0
ideal,selection,0,Squash___Powdery_mildew,4,Apple___healthy,0,0.0
ideal,selection,0,Squash___Powdery_mildew,5,Peach___Bacterial_spot,0,0.0
ideal,selection,0,Squash___Powdery_mildew,6,Apple___Cedar_apple_rust,1,0.004545454545454545
ideal,selection,0,Squash___Powdery_mildew,7,Cherry_(including_sour)___healthy,0,0.0
ideal,selection,0,Squash___Powdery_mildew,8,Soybean___healthy,0,0.0
ideal,selection,0,Squash___Powdery_mildew,9,Tomato___Tomato_Yellow_Leaf_Curl_Virus,0,0.0
ideal,selection,1,Corn_(maize)___Common_rust_,0,Squash___Powdery_mildew,2,0.013986013986013986
ideal,selection,1,Corn_(maize)___Common_rust_,1,Corn_(maize)___Common_rust_,140,0.9790209790209791
ideal,selection,1,Corn_(maize)___Common_rust_,2,Orange___Haunglongbing_(Citrus_greening),1,0.006993006993006993
ideal,selection,1,Corn_(maize)___Common_rust_,3,Grape___healthy,0,0.0
ideal,selection,1,Corn_(maize)___Common_rust_,4,Apple___healthy,0,0.0
ideal,selection,1,Corn_(maize)___Common_rust_,5,Peach___Bacterial_spot,0,0.0
ideal,selection,1,Corn_(maize)___Common_rust_,6,Apple___Cedar_apple_rust,0,0.0
ideal,selection,1,Corn_(maize)___Common_rust_,7,Cherry_(including_sour)___healthy,0,0.0
ideal,selection,1,Corn_(maize)___Common_rust_,8,Soybean___healthy,0,0.0
ideal,selection,1,Corn_(maize)___Common_rust_,9,Tomato___Tomato_Yellow_Leaf_Curl_Virus,0,0.0
ideal,selection,2,Orange___Haunglongbing_(Citrus_greening),0,Squash___Powdery_mildew,0,0.0
ideal,selection,2,Orange___Haunglongbing_(Citrus_greening),1,Corn_(maize)___Common_rust_,0,0.0
ideal,selection,2,Orange___Haunglongbing_(Citrus_greening),2,Orange___Haunglongbing_(Citrus_greening),661,1.0
ideal,selection,2,Orange___Haunglongbing_(Citrus_greening),3,Grape___healthy,0,0.0
ideal,selection,2,Orange___Haunglongbing_(Citrus_greening),4,Apple___healthy,0,0.0
ideal,selection,2,Orange___Haunglongbing_(Citrus_greening),5,Peach___Bacterial_spot,0,0.0
ideal,selection,2,Orange___Haunglongbing_(Citrus_greening),6,Apple___Cedar_apple_rust,0,0.0
ideal,selection,2,Orange___Haunglongbing_(Citrus_greening),7,Cherry_(including_sour)___healthy,0,0.0
ideal,selection,2,Orange___Haunglongbing_(Citrus_greening),8,Soybean___healthy,0,0.0
ideal,selection,2,Orange___Haunglongbing_(Citrus_greening),9,Tomato___Tomato_Yellow_Leaf_Curl_Virus,0,0.0
ideal,selection,3,Grape___healthy,0,Squash___Powdery_mildew,0,0.0
ideal,selection,3,Grape___healthy,1,Corn_(maize)___Common_rust_,0,0.0
ideal,selection,3,Grape___healthy,2,Orange___Haunglongbing_(Citrus_greening),0,0.0
ideal,selection,3,Grape___healthy,3,Grape___healthy,51,1.0
ideal,selection,3,Grape___healthy,4,Apple___healthy,0,0.0
ideal,selection,3,Grape___healthy,5,Peach___Bacterial_spot,0,0.0
ideal,selection,3,Grape___healthy,6,Apple___Cedar_apple_rust,0,0.0
ideal,selection,3,Grape___healthy,7,Cherry_(including_sour)___healthy,0,0.0
ideal,selection,3,Grape___healthy,8,Soybean___healthy,0,0.0
ideal,selection,3,Grape___healthy,9,Tomato___Tomato_Yellow_Leaf_Curl_Virus,0,0.0
ideal,selection,4,Apple___healthy,0,Squash___Powdery_mildew,1,0.005076142131979695
ideal,selection,4,Apple___healthy,1,Corn_(maize)___Common_rust_,0,0.0
ideal,selection,4,Apple___healthy,2,Orange___Haunglongbing_(Citrus_greening),3,0.015228426395939087
ideal,selection,4,Apple___healthy,3,Grape___healthy,0,0.0
ideal,selection,4,Apple___healthy,4,Apple___healthy,189,0.9593908629441624
ideal,selection,4,Apple___healthy,5,Peach___Bacterial_spot,1,0.005076142131979695
ideal,selection,4,Apple___healthy,6,Apple___Cedar_apple_rust,0,0.0
ideal,selection,4,Apple___healthy,7,Cherry_(including_sour)___healthy,0,0.0
ideal,selection,4,Apple___healthy,8,Soybean___healthy,1,0.005076142131979695
ideal,selection,4,Apple___healthy,9,Tomato___Tomato_Yellow_Leaf_Curl_Virus,2,0.01015228426395939
ideal,selection,5,Peach___Bacterial_spot,0,Squash___Powdery_mildew,0,0.0
ideal,selection,5,Peach___Bacterial_spot,1,Corn_(maize)___Common_rust_,0,0.0
ideal,selection,5,Peach___Bacterial_spot,2,Orange___Haunglongbing_(Citrus_greening),2,0.007246376811594203
ideal,selection,5,Peach___Bacterial_spot,3,Grape___healthy,0,0.0
ideal,selection,5,Peach___Bacterial_spot,4,Apple___healthy,12,0.043478260869565216
ideal,selection,5,Peach___Bacterial_spot,5,Peach___Bacterial_spot,255,0.9239130434782609
ideal,selection,5,Peach___Bacterial_spot,6,Apple___Cedar_apple_rust,4,0.014492753623188406
ideal,selection,5,Peach___Bacterial_spot,7,Cherry_(including_sour)___healthy,0,0.0
ideal,selection,5,Peach___Bacterial_spot,8,Soybean___healthy,0,0.0
ideal,selection,5,Peach___Bacterial_spot,9,Tomato___Tomato_Yellow_Leaf_Curl_Virus,3,0.010869565217391304
ideal,selection,6,Apple___Cedar_apple_rust,0,Squash___Powdery_mildew,0,0.0
ideal,selection,6,Apple___Cedar_apple_rust,1,Corn_(maize)___Common_rust_,0,0.0
ideal,selection,6,Apple___Cedar_apple_rust,2,Orange___Haunglongbing_(Citrus_greening),1,0.030303030303030304
ideal,selection,6,Apple___Cedar_apple_rust,3,Grape___healthy,0,0.0
ideal,selection,6,Apple___Cedar_apple_rust,4,Apple___healthy,0,0.0
ideal,selection,6,Apple___Cedar_apple_rust,5,Peach___Bacterial_spot,0,0.0
ideal,selection,6,Apple___Cedar_apple_rust,6,Apple___Cedar_apple_rust,32,0.9696969696969697
ideal,selection,6,Apple___Cedar_apple_rust,7,Cherry_(including_sour)___healthy,0,0.0
ideal,selection,6,Apple___Cedar_apple_rust,8,Soybean___healthy,0,0.0
ideal,selection,6,Apple___Cedar_apple_rust,9,Tomato___Tomato_Yellow_Leaf_Curl_Virus,0,0.0
ideal,selection,7,Cherry_(including_sour)___healthy,0,Squash___Powdery_mildew,0,0.0
ideal,selection,7,Cherry_(including_sour)___healthy,1,Corn_(maize)___Common_rust_,0,0.0
ideal,selection,7,Cherry_(including_sour)___healthy,2,Orange___Haunglongbing_(Citrus_greening),8,0.07766990291262135
ideal,selection,7,Cherry_(including_sour)___healthy,3,Grape___healthy,0,0.0
ideal,selection,7,Cherry_(including_sour)___healthy,4,Apple___healthy,0,0.0
ideal,selection,7,Cherry_(including_sour)___healthy,5,Peach___Bacterial_spot,0,0.0
ideal,selection,7,Cherry_(including_sour)___healthy,6,Apple___Cedar_apple_rust,0,0.0
ideal,selection,7,Cherry_(including_sour)___healthy,7,Cherry_(including_sour)___healthy,94,0.912621359223301
ideal,selection,7,Cherry_(including_sour)___healthy,8,Soybean___healthy,1,0.009708737864077669
ideal,selection,7,Cherry_(including_sour)___healthy,9,Tomato___Tomato_Yellow_Leaf_Curl_Virus,0,0.0
ideal,selection,8,Soybean___healthy,0,Squash___Powdery_mildew,0,0.0
ideal,selection,8,Soybean___healthy,1,Corn_(maize)___Common_rust_,0,0.0
ideal,selection,8,Soybean___healthy,2,Orange___Haunglongbing_(Citrus_greening),1,0.0016366612111292963
ideal,selection,8,Soybean___healthy,3,Grape___healthy,2,0.0032733224222585926
ideal,selection,8,Soybean___healthy,4,Apple___healthy,3,0.004909983633387889
ideal,selection,8,Soybean___healthy,5,Peach___Bacterial_spot,0,0.0
ideal,selection,8,Soybean___healthy,6,Apple___Cedar_apple_rust,2,0.0032733224222585926
ideal,selection,8,Soybean___healthy,7,Cherry_(including_sour)___healthy,3,0.004909983633387889
ideal,selection,8,Soybean___healthy,8,Soybean___healthy,599,0.9803600654664485
ideal,selection,8,Soybean___healthy,9,Tomato___Tomato_Yellow_Leaf_Curl_Virus,1,0.0016366612111292963
ideal,selection,9,Tomato___Tomato_Yellow_Leaf_Curl_Virus,0,Squash___Powdery_mildew,0,0.0
ideal,selection,9,Tomato___Tomato_Yellow_Leaf_Curl_Virus,1,Corn_(maize)___Common_rust_,0,0.0
ideal,selection,9,Tomato___Tomato_Yellow_Leaf_Curl_Virus,2,Orange___Haunglongbing_(Citrus_greening),2,0.003110419906687403
ideal,selection,9,Tomato___Tomato_Yellow_Leaf_Curl_Virus,3,Grape___healthy,0,0.0
ideal,selection,9,Tomato___Tomato_Yellow_Leaf_Curl_Virus,4,Apple___healthy,0,0.0
ideal,selection,9,Tomato___Tomato_Yellow_Leaf_Curl_Virus,5,Peach___Bacterial_spot,0,0.0
ideal,selection,9,Tomato___Tomato_Yellow_Leaf_Curl_Virus,6,Apple___Cedar_apple_rust,1,0.0015552099533437014
ideal,selection,9,Tomato___Tomato_Yellow_Leaf_Curl_Virus,7,Cherry_(including_sour)___healthy,0,0.0
ideal,selection,9,Tomato___Tomato_Yellow_Leaf_Curl_Virus,8,Soybean___healthy,0,0.0
ideal,selection,9,Tomato___Tomato_Yellow_Leaf_Curl_Virus,9,Tomato___Tomato_Yellow_Leaf_Curl_Virus,640,0.995334370139969
ideal,final_test,0,Squash___Powdery_mildew,0,Squash___Powdery_mildew,367,1.0
ideal,final_test,0,Squash___Powdery_mildew,1,Corn_(maize)___Common_rust_,0,0.0
ideal,final_test,0,Squash___Powdery_mildew,2,Orange___Haunglongbing_(Citrus_greening),0,0.0
ideal,final_test,0,Squash___Powdery_mildew,3,Grape___healthy,0,0.0
ideal,final_test,0,Squash___Powdery_mildew,4,Apple___healthy,0,0.0
ideal,final_test,0,Squash___Powdery_mildew,5,Peach___Bacterial_spot,0,0.0
ideal,final_test,0,Squash___Powdery_mildew,6,Apple___Cedar_apple_rust,0,0.0
ideal,final_test,0,Squash___Powdery_mildew,7,Cherry_(including_sour)___healthy,0,0.0
ideal,final_test,0,Squash___Powdery_mildew,8,Soybean___healthy,0,0.0
ideal,final_test,0,Squash___Powdery_mildew,9,Tomato___Tomato_Yellow_Leaf_Curl_Virus,0,0.0
ideal,final_test,1,Corn_(maize)___Common_rust_,0,Squash___Powdery_mildew,2,0.008368200836820083
ideal,final_test,1,Corn_(maize)___Common_rust_,1,Corn_(maize)___Common_rust_,237,0.9916317991631799
ideal,final_test,1,Corn_(maize)___Common_rust_,2,Orange___Haunglongbing_(Citrus_greening),0,0.0
ideal,final_test,1,Corn_(maize)___Common_rust_,3,Grape___healthy,0,0.0
ideal,final_test,1,Corn_(maize)___Common_rust_,4,Apple___healthy,0,0.0
ideal,final_test,1,Corn_(maize)___Common_rust_,5,Peach___Bacterial_spot,0,0.0
ideal,final_test,1,Corn_(maize)___Common_rust_,6,Apple___Cedar_apple_rust,0,0.0
ideal,final_test,1,Corn_(maize)___Common_rust_,7,Cherry_(including_sour)___healthy,0,0.0
ideal,final_test,1,Corn_(maize)___Common_rust_,8,Soybean___healthy,0,0.0
ideal,final_test,1,Corn_(maize)___Common_rust_,9,Tomato___Tomato_Yellow_Leaf_Curl_Virus,0,0.0
ideal,final_test,2,Orange___Haunglongbing_(Citrus_greening),0,Squash___Powdery_mildew,0,0.0
ideal,final_test,2,Orange___Haunglongbing_(Citrus_greening),1,Corn_(maize)___Common_rust_,0,0.0
ideal,final_test,2,Orange___Haunglongbing_(Citrus_greening),2,Orange___Haunglongbing_(Citrus_greening),1101,0.9990925589836661
ideal,final_test,2,Orange___Haunglongbing_(Citrus_greening),3,Grape___healthy,0,0.0
ideal,final_test,2,Orange___Haunglongbing_(Citrus_greening),4,Apple___healthy,0,0.0
ideal,final_test,2,Orange___Haunglongbing_(Citrus_greening),5,Peach___Bacterial_spot,1,0.0009074410163339383
ideal,final_test,2,Orange___Haunglongbing_(Citrus_greening),6,Apple___Cedar_apple_rust,0,0.0
ideal,final_test,2,Orange___Haunglongbing_(Citrus_greening),7,Cherry_(including_sour)___healthy,0,0.0
ideal,final_test,2,Orange___Haunglongbing_(Citrus_greening),8,Soybean___healthy,0,0.0
ideal,final_test,2,Orange___Haunglongbing_(Citrus_greening),9,Tomato___Tomato_Yellow_Leaf_Curl_Virus,0,0.0
ideal,final_test,3,Grape___healthy,0,Squash___Powdery_mildew,0,0.0
ideal,final_test,3,Grape___healthy,1,Corn_(maize)___Common_rust_,0,0.0
ideal,final_test,3,Grape___healthy,2,Orange___Haunglongbing_(Citrus_greening),2,0.023809523809523808
ideal,final_test,3,Grape___healthy,3,Grape___healthy,78,0.9285714285714286
ideal,final_test,3,Grape___healthy,4,Apple___healthy,0,0.0
ideal,final_test,3,Grape___healthy,5,Peach___Bacterial_spot,0,0.0
ideal,final_test,3,Grape___healthy,6,Apple___Cedar_apple_rust,1,0.011904761904761904
ideal,final_test,3,Grape___healthy,7,Cherry_(including_sour)___healthy,0,0.0
ideal,final_test,3,Grape___healthy,8,Soybean___healthy,3,0.03571428571428571
ideal,final_test,3,Grape___healthy,9,Tomato___Tomato_Yellow_Leaf_Curl_Virus,0,0.0
ideal,final_test,4,Apple___healthy,0,Squash___Powdery_mildew,2,0.0060790273556231
ideal,final_test,4,Apple___healthy,1,Corn_(maize)___Common_rust_,0,0.0
ideal,final_test,4,Apple___healthy,2,Orange___Haunglongbing_(Citrus_greening),1,0.00303951367781155
ideal,final_test,4,Apple___healthy,3,Grape___healthy,0,0.0
ideal,final_test,4,Apple___healthy,4,Apple___healthy,315,0.9574468085106383
ideal,final_test,4,Apple___healthy,5,Peach___Bacterial_spot,0,0.0
ideal,final_test,4,Apple___healthy,6,Apple___Cedar_apple_rust,5,0.015197568389057751
ideal,final_test,4,Apple___healthy,7,Cherry_(including_sour)___healthy,0,0.0
ideal,final_test,4,Apple___healthy,8,Soybean___healthy,2,0.0060790273556231
ideal,final_test,4,Apple___healthy,9,Tomato___Tomato_Yellow_Leaf_Curl_Virus,4,0.0121580547112462
ideal,final_test,5,Peach___Bacterial_spot,0,Squash___Powdery_mildew,0,0.0
ideal,final_test,5,Peach___Bacterial_spot,1,Corn_(maize)___Common_rust_,0,0.0
ideal,final_test,5,Peach___Bacterial_spot,2,Orange___Haunglongbing_(Citrus_greening),6,0.013071895424836602
ideal,final_test,5,Peach___Bacterial_spot,3,Grape___healthy,0,0.0
ideal,final_test,5,Peach___Bacterial_spot,4,Apple___healthy,14,0.030501089324618737
ideal,final_test,5,Peach___Bacterial_spot,5,Peach___Bacterial_spot,431,0.9389978213507625
ideal,final_test,5,Peach___Bacterial_spot,6,Apple___Cedar_apple_rust,6,0.013071895424836602
ideal,final_test,5,Peach___Bacterial_spot,7,Cherry_(including_sour)___healthy,0,0.0
ideal,final_test,5,Peach___Bacterial_spot,8,Soybean___healthy,0,0.0
ideal,final_test,5,Peach___Bacterial_spot,9,Tomato___Tomato_Yellow_Leaf_Curl_Virus,2,0.004357298474945534
ideal,final_test,6,Apple___Cedar_apple_rust,0,Squash___Powdery_mildew,0,0.0
ideal,final_test,6,Apple___Cedar_apple_rust,1,Corn_(maize)___Common_rust_,0,0.0
ideal,final_test,6,Apple___Cedar_apple_rust,2,Orange___Haunglongbing_(Citrus_greening),4,0.07272727272727272
ideal,final_test,6,Apple___Cedar_apple_rust,3,Grape___healthy,0,0.0
ideal,final_test,6,Apple___Cedar_apple_rust,4,Apple___healthy,0,0.0
ideal,final_test,6,Apple___Cedar_apple_rust,5,Peach___Bacterial_spot,0,0.0
ideal,final_test,6,Apple___Cedar_apple_rust,6,Apple___Cedar_apple_rust,50,0.9090909090909091
ideal,final_test,6,Apple___Cedar_apple_rust,7,Cherry_(including_sour)___healthy,0,0.0
ideal,final_test,6,Apple___Cedar_apple_rust,8,Soybean___healthy,0,0.0
ideal,final_test,6,Apple___Cedar_apple_rust,9,Tomato___Tomato_Yellow_Leaf_Curl_Virus,1,0.01818181818181818
ideal,final_test,7,Cherry_(including_sour)___healthy,0,Squash___Powdery_mildew,0,0.0
ideal,final_test,7,Cherry_(including_sour)___healthy,1,Corn_(maize)___Common_rust_,0,0.0
ideal,final_test,7,Cherry_(including_sour)___healthy,2,Orange___Haunglongbing_(Citrus_greening),9,0.052941176470588235
ideal,final_test,7,Cherry_(including_sour)___healthy,3,Grape___healthy,1,0.0058823529411764705
ideal,final_test,7,Cherry_(including_sour)___healthy,4,Apple___healthy,0,0.0
ideal,final_test,7,Cherry_(including_sour)___healthy,5,Peach___Bacterial_spot,0,0.0
ideal,final_test,7,Cherry_(including_sour)___healthy,6,Apple___Cedar_apple_rust,0,0.0
ideal,final_test,7,Cherry_(including_sour)___healthy,7,Cherry_(including_sour)___healthy,157,0.9235294117647059
ideal,final_test,7,Cherry_(including_sour)___healthy,8,Soybean___healthy,3,0.01764705882352941
ideal,final_test,7,Cherry_(including_sour)___healthy,9,Tomato___Tomato_Yellow_Leaf_Curl_Virus,0,0.0
ideal,final_test,8,Soybean___healthy,0,Squash___Powdery_mildew,3,0.0029469548133595285
ideal,final_test,8,Soybean___healthy,1,Corn_(maize)___Common_rust_,0,0.0
ideal,final_test,8,Soybean___healthy,2,Orange___Haunglongbing_(Citrus_greening),4,0.003929273084479371
ideal,final_test,8,Soybean___healthy,3,Grape___healthy,11,0.010805500982318271
ideal,final_test,8,Soybean___healthy,4,Apple___healthy,10,0.009823182711198428
ideal,final_test,8,Soybean___healthy,5,Peach___Bacterial_spot,0,0.0
ideal,final_test,8,Soybean___healthy,6,Apple___Cedar_apple_rust,5,0.004911591355599214
ideal,final_test,8,Soybean___healthy,7,Cherry_(including_sour)___healthy,6,0.005893909626719057
ideal,final_test,8,Soybean___healthy,8,Soybean___healthy,978,0.9607072691552063
ideal,final_test,8,Soybean___healthy,9,Tomato___Tomato_Yellow_Leaf_Curl_Virus,1,0.0009823182711198428
ideal,final_test,9,Tomato___Tomato_Yellow_Leaf_Curl_Virus,0,Squash___Powdery_mildew,0,0.0
ideal,final_test,9,Tomato___Tomato_Yellow_Leaf_Curl_Virus,1,Corn_(maize)___Common_rust_,0,0.0
ideal,final_test,9,Tomato___Tomato_Yellow_Leaf_Curl_Virus,2,Orange___Haunglongbing_(Citrus_greening),4,0.003734827264239029
ideal,final_test,9,Tomato___Tomato_Yellow_Leaf_Curl_Virus,3,Grape___healthy,0,0.0
ideal,final_test,9,Tomato___Tomato_Yellow_Leaf_Curl_Virus,4,Apple___healthy,1,0.0009337068160597573
ideal,final_test,9,Tomato___Tomato_Yellow_Leaf_Curl_Virus,5,Peach___Bacterial_spot,0,0.0
ideal,final_test,9,Tomato___Tomato_Yellow_Leaf_Curl_Virus,6,Apple___Cedar_apple_rust,0,0.0
ideal,final_test,9,Tomato___Tomato_Yellow_Leaf_Curl_Virus,7,Cherry_(including_sour)___healthy,0,0.0
ideal,final_test,9,Tomato___Tomato_Yellow_Leaf_Curl_Virus,8,Soybean___healthy,0,0.0
ideal,final_test,9,Tomato___Tomato_Yellow_Leaf_Curl_Virus,9,Tomato___Tomato_Yellow_Leaf_Curl_Virus,1066,0.9953314659197012
hw_finetune,selection,0,Squash___Powdery_mildew,0,Squash___Powdery_mildew,219,0.9954545454545455
hw_finetune,selection,0,Squash___Powdery_mildew,1,Corn_(maize)___Common_rust_,0,0.0
hw_finetune,selection,0,Squash___Powdery_mildew,2,Orange___Haunglongbing_(Citrus_greening),0,0.0
hw_finetune,selection,0,Squash___Powdery_mildew,3,Grape___healthy,0,0.0
hw_finetune,selection,0,Squash___Powdery_mildew,4,Apple___healthy,0,0.0
hw_finetune,selection,0,Squash___Powdery_mildew,5,Peach___Bacterial_spot,0,0.0
hw_finetune,selection,0,Squash___Powdery_mildew,6,Apple___Cedar_apple_rust,1,0.004545454545454545
hw_finetune,selection,0,Squash___Powdery_mildew,7,Cherry_(including_sour)___healthy,0,0.0
hw_finetune,selection,0,Squash___Powdery_mildew,8,Soybean___healthy,0,0.0
hw_finetune,selection,0,Squash___Powdery_mildew,9,Tomato___Tomato_Yellow_Leaf_Curl_Virus,0,0.0
hw_finetune,selection,1,Corn_(maize)___Common_rust_,0,Squash___Powdery_mildew,2,0.013986013986013986
hw_finetune,selection,1,Corn_(maize)___Common_rust_,1,Corn_(maize)___Common_rust_,140,0.9790209790209791
hw_finetune,selection,1,Corn_(maize)___Common_rust_,2,Orange___Haunglongbing_(Citrus_greening),1,0.006993006993006993
hw_finetune,selection,1,Corn_(maize)___Common_rust_,3,Grape___healthy,0,0.0
hw_finetune,selection,1,Corn_(maize)___Common_rust_,4,Apple___healthy,0,0.0
hw_finetune,selection,1,Corn_(maize)___Common_rust_,5,Peach___Bacterial_spot,0,0.0
hw_finetune,selection,1,Corn_(maize)___Common_rust_,6,Apple___Cedar_apple_rust,0,0.0
hw_finetune,selection,1,Corn_(maize)___Common_rust_,7,Cherry_(including_sour)___healthy,0,0.0
hw_finetune,selection,1,Corn_(maize)___Common_rust_,8,Soybean___healthy,0,0.0
hw_finetune,selection,1,Corn_(maize)___Common_rust_,9,Tomato___Tomato_Yellow_Leaf_Curl_Virus,0,0.0
hw_finetune,selection,2,Orange___Haunglongbing_(Citrus_greening),0,Squash___Powdery_mildew,1,0.0015128593040847202
hw_finetune,selection,2,Orange___Haunglongbing_(Citrus_greening),1,Corn_(maize)___Common_rust_,0,0.0
hw_finetune,selection,2,Orange___Haunglongbing_(Citrus_greening),2,Orange___Haunglongbing_(Citrus_greening),656,0.9924357034795764
hw_finetune,selection,2,Orange___Haunglongbing_(Citrus_greening),3,Grape___healthy,0,0.0
hw_finetune,selection,2,Orange___Haunglongbing_(Citrus_greening),4,Apple___healthy,1,0.0015128593040847202
hw_finetune,selection,2,Orange___Haunglongbing_(Citrus_greening),5,Peach___Bacterial_spot,0,0.0
hw_finetune,selection,2,Orange___Haunglongbing_(Citrus_greening),6,Apple___Cedar_apple_rust,3,0.0045385779122541605
hw_finetune,selection,2,Orange___Haunglongbing_(Citrus_greening),7,Cherry_(including_sour)___healthy,0,0.0
hw_finetune,selection,2,Orange___Haunglongbing_(Citrus_greening),8,Soybean___healthy,0,0.0
hw_finetune,selection,2,Orange___Haunglongbing_(Citrus_greening),9,Tomato___Tomato_Yellow_Leaf_Curl_Virus,0,0.0
hw_finetune,selection,3,Grape___healthy,0,Squash___Powdery_mildew,0,0.0
hw_finetune,selection,3,Grape___healthy,1,Corn_(maize)___Common_rust_,0,0.0
hw_finetune,selection,3,Grape___healthy,2,Orange___Haunglongbing_(Citrus_greening),0,0.0
hw_finetune,selection,3,Grape___healthy,3,Grape___healthy,48,0.9411764705882353
hw_finetune,selection,3,Grape___healthy,4,Apple___healthy,0,0.0
hw_finetune,selection,3,Grape___healthy,5,Peach___Bacterial_spot,0,0.0
hw_finetune,selection,3,Grape___healthy,6,Apple___Cedar_apple_rust,0,0.0
hw_finetune,selection,3,Grape___healthy,7,Cherry_(including_sour)___healthy,0,0.0
hw_finetune,selection,3,Grape___healthy,8,Soybean___healthy,3,0.058823529411764705
hw_finetune,selection,3,Grape___healthy,9,Tomato___Tomato_Yellow_Leaf_Curl_Virus,0,0.0
hw_finetune,selection,4,Apple___healthy,0,Squash___Powdery_mildew,2,0.01015228426395939
hw_finetune,selection,4,Apple___healthy,1,Corn_(maize)___Common_rust_,0,0.0
hw_finetune,selection,4,Apple___healthy,2,Orange___Haunglongbing_(Citrus_greening),3,0.015228426395939087
hw_finetune,selection,4,Apple___healthy,3,Grape___healthy,0,0.0
hw_finetune,selection,4,Apple___healthy,4,Apple___healthy,190,0.9644670050761421
hw_finetune,selection,4,Apple___healthy,5,Peach___Bacterial_spot,0,0.0
hw_finetune,selection,4,Apple___healthy,6,Apple___Cedar_apple_rust,0,0.0
hw_finetune,selection,4,Apple___healthy,7,Cherry_(including_sour)___healthy,0,0.0
hw_finetune,selection,4,Apple___healthy,8,Soybean___healthy,2,0.01015228426395939
hw_finetune,selection,4,Apple___healthy,9,Tomato___Tomato_Yellow_Leaf_Curl_Virus,0,0.0
hw_finetune,selection,5,Peach___Bacterial_spot,0,Squash___Powdery_mildew,6,0.021739130434782608
hw_finetune,selection,5,Peach___Bacterial_spot,1,Corn_(maize)___Common_rust_,0,0.0
hw_finetune,selection,5,Peach___Bacterial_spot,2,Orange___Haunglongbing_(Citrus_greening),12,0.043478260869565216
hw_finetune,selection,5,Peach___Bacterial_spot,3,Grape___healthy,0,0.0
hw_finetune,selection,5,Peach___Bacterial_spot,4,Apple___healthy,20,0.07246376811594203
hw_finetune,selection,5,Peach___Bacterial_spot,5,Peach___Bacterial_spot,230,0.8333333333333334
hw_finetune,selection,5,Peach___Bacterial_spot,6,Apple___Cedar_apple_rust,8,0.028985507246376812
hw_finetune,selection,5,Peach___Bacterial_spot,7,Cherry_(including_sour)___healthy,0,0.0
hw_finetune,selection,5,Peach___Bacterial_spot,8,Soybean___healthy,0,0.0
hw_finetune,selection,5,Peach___Bacterial_spot,9,Tomato___Tomato_Yellow_Leaf_Curl_Virus,0,0.0
hw_finetune,selection,6,Apple___Cedar_apple_rust,0,Squash___Powdery_mildew,0,0.0
hw_finetune,selection,6,Apple___Cedar_apple_rust,1,Corn_(maize)___Common_rust_,0,0.0
hw_finetune,selection,6,Apple___Cedar_apple_rust,2,Orange___Haunglongbing_(Citrus_greening),3,0.09090909090909091
hw_finetune,selection,6,Apple___Cedar_apple_rust,3,Grape___healthy,0,0.0
hw_finetune,selection,6,Apple___Cedar_apple_rust,4,Apple___healthy,0,0.0
hw_finetune,selection,6,Apple___Cedar_apple_rust,5,Peach___Bacterial_spot,0,0.0
hw_finetune,selection,6,Apple___Cedar_apple_rust,6,Apple___Cedar_apple_rust,30,0.9090909090909091
hw_finetune,selection,6,Apple___Cedar_apple_rust,7,Cherry_(including_sour)___healthy,0,0.0
hw_finetune,selection,6,Apple___Cedar_apple_rust,8,Soybean___healthy,0,0.0
hw_finetune,selection,6,Apple___Cedar_apple_rust,9,Tomato___Tomato_Yellow_Leaf_Curl_Virus,0,0.0
hw_finetune,selection,7,Cherry_(including_sour)___healthy,0,Squash___Powdery_mildew,0,0.0
hw_finetune,selection,7,Cherry_(including_sour)___healthy,1,Corn_(maize)___Common_rust_,0,0.0
hw_finetune,selection,7,Cherry_(including_sour)___healthy,2,Orange___Haunglongbing_(Citrus_greening),3,0.02912621359223301
hw_finetune,selection,7,Cherry_(including_sour)___healthy,3,Grape___healthy,1,0.009708737864077669
hw_finetune,selection,7,Cherry_(including_sour)___healthy,4,Apple___healthy,0,0.0
hw_finetune,selection,7,Cherry_(including_sour)___healthy,5,Peach___Bacterial_spot,0,0.0
hw_finetune,selection,7,Cherry_(including_sour)___healthy,6,Apple___Cedar_apple_rust,0,0.0
hw_finetune,selection,7,Cherry_(including_sour)___healthy,7,Cherry_(including_sour)___healthy,99,0.9611650485436893
hw_finetune,selection,7,Cherry_(including_sour)___healthy,8,Soybean___healthy,0,0.0
hw_finetune,selection,7,Cherry_(including_sour)___healthy,9,Tomato___Tomato_Yellow_Leaf_Curl_Virus,0,0.0
hw_finetune,selection,8,Soybean___healthy,0,Squash___Powdery_mildew,14,0.022913256955810146
hw_finetune,selection,8,Soybean___healthy,1,Corn_(maize)___Common_rust_,0,0.0
hw_finetune,selection,8,Soybean___healthy,2,Orange___Haunglongbing_(Citrus_greening),1,0.0016366612111292963
hw_finetune,selection,8,Soybean___healthy,3,Grape___healthy,2,0.0032733224222585926
hw_finetune,selection,8,Soybean___healthy,4,Apple___healthy,7,0.011456628477905073
hw_finetune,selection,8,Soybean___healthy,5,Peach___Bacterial_spot,0,0.0
hw_finetune,selection,8,Soybean___healthy,6,Apple___Cedar_apple_rust,0,0.0
hw_finetune,selection,8,Soybean___healthy,7,Cherry_(including_sour)___healthy,17,0.027823240589198037
hw_finetune,selection,8,Soybean___healthy,8,Soybean___healthy,570,0.9328968903436988
hw_finetune,selection,8,Soybean___healthy,9,Tomato___Tomato_Yellow_Leaf_Curl_Virus,0,0.0
hw_finetune,selection,9,Tomato___Tomato_Yellow_Leaf_Curl_Virus,0,Squash___Powdery_mildew,18,0.027993779160186624
hw_finetune,selection,9,Tomato___Tomato_Yellow_Leaf_Curl_Virus,1,Corn_(maize)___Common_rust_,0,0.0
hw_finetune,selection,9,Tomato___Tomato_Yellow_Leaf_Curl_Virus,2,Orange___Haunglongbing_(Citrus_greening),19,0.029548989113530325
hw_finetune,selection,9,Tomato___Tomato_Yellow_Leaf_Curl_Virus,3,Grape___healthy,0,0.0
hw_finetune,selection,9,Tomato___Tomato_Yellow_Leaf_Curl_Virus,4,Apple___healthy,10,0.015552099533437015
hw_finetune,selection,9,Tomato___Tomato_Yellow_Leaf_Curl_Virus,5,Peach___Bacterial_spot,1,0.0015552099533437014
hw_finetune,selection,9,Tomato___Tomato_Yellow_Leaf_Curl_Virus,6,Apple___Cedar_apple_rust,8,0.012441679626749611
hw_finetune,selection,9,Tomato___Tomato_Yellow_Leaf_Curl_Virus,7,Cherry_(including_sour)___healthy,0,0.0
hw_finetune,selection,9,Tomato___Tomato_Yellow_Leaf_Curl_Virus,8,Soybean___healthy,1,0.0015552099533437014
hw_finetune,selection,9,Tomato___Tomato_Yellow_Leaf_Curl_Virus,9,Tomato___Tomato_Yellow_Leaf_Curl_Virus,586,0.911353032659409
hw_finetune,final_test,0,Squash___Powdery_mildew,0,Squash___Powdery_mildew,367,1.0
hw_finetune,final_test,0,Squash___Powdery_mildew,1,Corn_(maize)___Common_rust_,0,0.0
hw_finetune,final_test,0,Squash___Powdery_mildew,2,Orange___Haunglongbing_(Citrus_greening),0,0.0
hw_finetune,final_test,0,Squash___Powdery_mildew,3,Grape___healthy,0,0.0
hw_finetune,final_test,0,Squash___Powdery_mildew,4,Apple___healthy,0,0.0
hw_finetune,final_test,0,Squash___Powdery_mildew,5,Peach___Bacterial_spot,0,0.0
hw_finetune,final_test,0,Squash___Powdery_mildew,6,Apple___Cedar_apple_rust,0,0.0
hw_finetune,final_test,0,Squash___Powdery_mildew,7,Cherry_(including_sour)___healthy,0,0.0
hw_finetune,final_test,0,Squash___Powdery_mildew,8,Soybean___healthy,0,0.0
hw_finetune,final_test,0,Squash___Powdery_mildew,9,Tomato___Tomato_Yellow_Leaf_Curl_Virus,0,0.0
hw_finetune,final_test,1,Corn_(maize)___Common_rust_,0,Squash___Powdery_mildew,11,0.04602510460251046
hw_finetune,final_test,1,Corn_(maize)___Common_rust_,1,Corn_(maize)___Common_rust_,226,0.9456066945606695
hw_finetune,final_test,1,Corn_(maize)___Common_rust_,2,Orange___Haunglongbing_(Citrus_greening),1,0.0041841004184100415
hw_finetune,final_test,1,Corn_(maize)___Common_rust_,3,Grape___healthy,0,0.0
hw_finetune,final_test,1,Corn_(maize)___Common_rust_,4,Apple___healthy,0,0.0
hw_finetune,final_test,1,Corn_(maize)___Common_rust_,5,Peach___Bacterial_spot,0,0.0
hw_finetune,final_test,1,Corn_(maize)___Common_rust_,6,Apple___Cedar_apple_rust,1,0.0041841004184100415
hw_finetune,final_test,1,Corn_(maize)___Common_rust_,7,Cherry_(including_sour)___healthy,0,0.0
hw_finetune,final_test,1,Corn_(maize)___Common_rust_,8,Soybean___healthy,0,0.0
hw_finetune,final_test,1,Corn_(maize)___Common_rust_,9,Tomato___Tomato_Yellow_Leaf_Curl_Virus,0,0.0
hw_finetune,final_test,2,Orange___Haunglongbing_(Citrus_greening),0,Squash___Powdery_mildew,1,0.0009074410163339383
hw_finetune,final_test,2,Orange___Haunglongbing_(Citrus_greening),1,Corn_(maize)___Common_rust_,0,0.0
hw_finetune,final_test,2,Orange___Haunglongbing_(Citrus_greening),2,Orange___Haunglongbing_(Citrus_greening),1098,0.9963702359346642
hw_finetune,final_test,2,Orange___Haunglongbing_(Citrus_greening),3,Grape___healthy,0,0.0
hw_finetune,final_test,2,Orange___Haunglongbing_(Citrus_greening),4,Apple___healthy,2,0.0018148820326678765
hw_finetune,final_test,2,Orange___Haunglongbing_(Citrus_greening),5,Peach___Bacterial_spot,0,0.0
hw_finetune,final_test,2,Orange___Haunglongbing_(Citrus_greening),6,Apple___Cedar_apple_rust,1,0.0009074410163339383
hw_finetune,final_test,2,Orange___Haunglongbing_(Citrus_greening),7,Cherry_(including_sour)___healthy,0,0.0
hw_finetune,final_test,2,Orange___Haunglongbing_(Citrus_greening),8,Soybean___healthy,0,0.0
hw_finetune,final_test,2,Orange___Haunglongbing_(Citrus_greening),9,Tomato___Tomato_Yellow_Leaf_Curl_Virus,0,0.0
hw_finetune,final_test,3,Grape___healthy,0,Squash___Powdery_mildew,3,0.03571428571428571
hw_finetune,final_test,3,Grape___healthy,1,Corn_(maize)___Common_rust_,0,0.0
hw_finetune,final_test,3,Grape___healthy,2,Orange___Haunglongbing_(Citrus_greening),1,0.011904761904761904
hw_finetune,final_test,3,Grape___healthy,3,Grape___healthy,70,0.8333333333333334
hw_finetune,final_test,3,Grape___healthy,4,Apple___healthy,0,0.0
hw_finetune,final_test,3,Grape___healthy,5,Peach___Bacterial_spot,0,0.0
hw_finetune,final_test,3,Grape___healthy,6,Apple___Cedar_apple_rust,1,0.011904761904761904
hw_finetune,final_test,3,Grape___healthy,7,Cherry_(including_sour)___healthy,2,0.023809523809523808
hw_finetune,final_test,3,Grape___healthy,8,Soybean___healthy,7,0.08333333333333333
hw_finetune,final_test,3,Grape___healthy,9,Tomato___Tomato_Yellow_Leaf_Curl_Virus,0,0.0
hw_finetune,final_test,4,Apple___healthy,0,Squash___Powdery_mildew,2,0.0060790273556231
hw_finetune,final_test,4,Apple___healthy,1,Corn_(maize)___Common_rust_,0,0.0
hw_finetune,final_test,4,Apple___healthy,2,Orange___Haunglongbing_(Citrus_greening),5,0.015197568389057751
hw_finetune,final_test,4,Apple___healthy,3,Grape___healthy,0,0.0
hw_finetune,final_test,4,Apple___healthy,4,Apple___healthy,317,0.9635258358662614
hw_finetune,final_test,4,Apple___healthy,5,Peach___Bacterial_spot,0,0.0
hw_finetune,final_test,4,Apple___healthy,6,Apple___Cedar_apple_rust,1,0.00303951367781155
hw_finetune,final_test,4,Apple___healthy,7,Cherry_(including_sour)___healthy,0,0.0
hw_finetune,final_test,4,Apple___healthy,8,Soybean___healthy,4,0.0121580547112462
hw_finetune,final_test,4,Apple___healthy,9,Tomato___Tomato_Yellow_Leaf_Curl_Virus,0,0.0
hw_finetune,final_test,5,Peach___Bacterial_spot,0,Squash___Powdery_mildew,10,0.02178649237472767
hw_finetune,final_test,5,Peach___Bacterial_spot,1,Corn_(maize)___Common_rust_,0,0.0
hw_finetune,final_test,5,Peach___Bacterial_spot,2,Orange___Haunglongbing_(Citrus_greening),25,0.054466230936819175
hw_finetune,final_test,5,Peach___Bacterial_spot,3,Grape___healthy,0,0.0
hw_finetune,final_test,5,Peach___Bacterial_spot,4,Apple___healthy,35,0.07625272331154684
hw_finetune,final_test,5,Peach___Bacterial_spot,5,Peach___Bacterial_spot,367,0.7995642701525054
hw_finetune,final_test,5,Peach___Bacterial_spot,6,Apple___Cedar_apple_rust,20,0.04357298474945534
hw_finetune,final_test,5,Peach___Bacterial_spot,7,Cherry_(including_sour)___healthy,0,0.0
hw_finetune,final_test,5,Peach___Bacterial_spot,8,Soybean___healthy,0,0.0
hw_finetune,final_test,5,Peach___Bacterial_spot,9,Tomato___Tomato_Yellow_Leaf_Curl_Virus,2,0.004357298474945534
hw_finetune,final_test,6,Apple___Cedar_apple_rust,0,Squash___Powdery_mildew,4,0.07272727272727272
hw_finetune,final_test,6,Apple___Cedar_apple_rust,1,Corn_(maize)___Common_rust_,0,0.0
hw_finetune,final_test,6,Apple___Cedar_apple_rust,2,Orange___Haunglongbing_(Citrus_greening),5,0.09090909090909091
hw_finetune,final_test,6,Apple___Cedar_apple_rust,3,Grape___healthy,0,0.0
hw_finetune,final_test,6,Apple___Cedar_apple_rust,4,Apple___healthy,0,0.0
hw_finetune,final_test,6,Apple___Cedar_apple_rust,5,Peach___Bacterial_spot,0,0.0
hw_finetune,final_test,6,Apple___Cedar_apple_rust,6,Apple___Cedar_apple_rust,46,0.8363636363636363
hw_finetune,final_test,6,Apple___Cedar_apple_rust,7,Cherry_(including_sour)___healthy,0,0.0
hw_finetune,final_test,6,Apple___Cedar_apple_rust,8,Soybean___healthy,0,0.0
hw_finetune,final_test,6,Apple___Cedar_apple_rust,9,Tomato___Tomato_Yellow_Leaf_Curl_Virus,0,0.0
hw_finetune,final_test,7,Cherry_(including_sour)___healthy,0,Squash___Powdery_mildew,0,0.0
hw_finetune,final_test,7,Cherry_(including_sour)___healthy,1,Corn_(maize)___Common_rust_,0,0.0
hw_finetune,final_test,7,Cherry_(including_sour)___healthy,2,Orange___Haunglongbing_(Citrus_greening),9,0.052941176470588235
hw_finetune,final_test,7,Cherry_(including_sour)___healthy,3,Grape___healthy,0,0.0
hw_finetune,final_test,7,Cherry_(including_sour)___healthy,4,Apple___healthy,0,0.0
hw_finetune,final_test,7,Cherry_(including_sour)___healthy,5,Peach___Bacterial_spot,0,0.0
hw_finetune,final_test,7,Cherry_(including_sour)___healthy,6,Apple___Cedar_apple_rust,0,0.0
hw_finetune,final_test,7,Cherry_(including_sour)___healthy,7,Cherry_(including_sour)___healthy,152,0.8941176470588236
hw_finetune,final_test,7,Cherry_(including_sour)___healthy,8,Soybean___healthy,9,0.052941176470588235
hw_finetune,final_test,7,Cherry_(including_sour)___healthy,9,Tomato___Tomato_Yellow_Leaf_Curl_Virus,0,0.0
hw_finetune,final_test,8,Soybean___healthy,0,Squash___Powdery_mildew,30,0.029469548133595286
hw_finetune,final_test,8,Soybean___healthy,1,Corn_(maize)___Common_rust_,0,0.0
hw_finetune,final_test,8,Soybean___healthy,2,Orange___Haunglongbing_(Citrus_greening),3,0.0029469548133595285
hw_finetune,final_test,8,Soybean___healthy,3,Grape___healthy,4,0.003929273084479371
hw_finetune,final_test,8,Soybean___healthy,4,Apple___healthy,16,0.015717092337917484
hw_finetune,final_test,8,Soybean___healthy,5,Peach___Bacterial_spot,0,0.0
hw_finetune,final_test,8,Soybean___healthy,6,Apple___Cedar_apple_rust,2,0.0019646365422396855
hw_finetune,final_test,8,Soybean___healthy,7,Cherry_(including_sour)___healthy,19,0.018664047151277015
hw_finetune,final_test,8,Soybean___healthy,8,Soybean___healthy,944,0.9273084479371316
hw_finetune,final_test,8,Soybean___healthy,9,Tomato___Tomato_Yellow_Leaf_Curl_Virus,0,0.0
hw_finetune,final_test,9,Tomato___Tomato_Yellow_Leaf_Curl_Virus,0,Squash___Powdery_mildew,24,0.022408963585434174
hw_finetune,final_test,9,Tomato___Tomato_Yellow_Leaf_Curl_Virus,1,Corn_(maize)___Common_rust_,0,0.0
hw_finetune,final_test,9,Tomato___Tomato_Yellow_Leaf_Curl_Virus,2,Orange___Haunglongbing_(Citrus_greening),18,0.01680672268907563
hw_finetune,final_test,9,Tomato___Tomato_Yellow_Leaf_Curl_Virus,3,Grape___healthy,0,0.0
hw_finetune,final_test,9,Tomato___Tomato_Yellow_Leaf_Curl_Virus,4,Apple___healthy,11,0.01027077497665733
hw_finetune,final_test,9,Tomato___Tomato_Yellow_Leaf_Curl_Virus,5,Peach___Bacterial_spot,0,0.0
hw_finetune,final_test,9,Tomato___Tomato_Yellow_Leaf_Curl_Virus,6,Apple___Cedar_apple_rust,9,0.008403361344537815
hw_finetune,final_test,9,Tomato___Tomato_Yellow_Leaf_Curl_Virus,7,Cherry_(including_sour)___healthy,1,0.0009337068160597573
hw_finetune,final_test,9,Tomato___Tomato_Yellow_Leaf_Curl_Virus,8,Soybean___healthy,2,0.0018674136321195146
hw_finetune,final_test,9,Tomato___Tomato_Yellow_Leaf_Curl_Virus,9,Tomato___Tomato_Yellow_Leaf_Curl_Virus,1006,0.9393090569561158
