phase,is_best_epoch,epoch,train_loss,train_accuracy,selection_loss,selection_accuracy,selection_macro_recall,duration_seconds,cuda_peak_memory_bytes,loss_spike,loss_membrane,loss_distillation,loss_firing_regularization
ideal,False,1,1.8154732189893021,0.8183620741452863,1.9069306645935453,0.7222600408441117,0.5733545075102435,27.210395250998772,2870386688,1.6543773422016015,0.644382995255446,0.0,0.00012782837594689492
ideal,False,2,1.5896166223592356,0.9313825632398005,1.9050684314426554,0.7852280462899932,0.6998392353679516,26.836045455000203,2870779904,1.5331510063017932,0.22586159412837806,0.0,0.00021976536103164845
ideal,False,3,1.5671599985050022,0.9458631256384066,1.7721391636307666,0.897208985704561,0.8618220402492138,26.047318083999926,2870779904,1.522078495268308,0.18032508892436544,0.0,0.0002428397123167058
ideal,False,4,1.5419994585289016,0.9590218109715797,1.6612532831033613,0.9312457454050375,0.8991515298653265,26.480824853999366,2870779904,1.5094292300083971,0.1302795463455903,0.0,0.00034065202602983507
ideal,False,5,1.5276589646674918,0.9686955476777024,1.7885850646854502,0.869639210347175,0.8484353577570701,26.1898473199999,2870779904,1.5023918883886316,0.10106578209627522,0.0,0.0006364054346062838
ideal,False,6,1.5449901855973922,0.9635282100582827,1.6644699304098982,0.9424778761061947,0.9289800579643316,26.690887459000805,2870779904,1.512041137667292,0.13179511998249638,0.0,0.0002635516152045237
ideal,False,7,1.5148879954901293,0.9786697109896052,1.7344939264819441,0.9070796460176991,0.8882423508023611,27.07179986600022,2870779904,1.4961561533161736,0.07492651328250192,0.0,0.00021431306809614907
ideal,False,8,1.5088185430726258,0.9806525265877546,1.7237477864108985,0.8883594281824371,0.8686851970197645,26.568631759999334,2870779904,1.4928265415489734,0.06396729104121932,0.0,0.00018342064212862924
ideal,False,9,1.5055882265338143,0.9835967073244006,1.7136662179227586,0.899931926480599,0.8912537071649449,27.763954615998955,2870779904,1.4914205916145777,0.05666982511688882,0.0,0.00018277908642182027
ideal,False,10,1.502852635358393,0.9861803761341105,1.7304248921801397,0.8856364874063989,0.867780105141264,27.701926636998905,2870779904,1.4897916200735002,0.052243550838930015,0.0,0.00012415609889798786
ideal,False,11,1.4972386909692983,0.9883434476957279,2.043643208812742,0.7106875425459497,0.650105608995249,27.490040578000844,2870779904,1.4868999406608518,0.04135463325577502,0.0,9.203922505062984e-05
ideal,False,12,1.561964741823572,0.9555368623445293,1.6472237630309177,0.9268209666439755,0.9109549096728651,26.06718710200039,2870779904,1.5236607321837354,0.15321580942811164,0.0,7.463906029447177e-05
ideal,False,13,1.5067441760222298,0.9846782431052093,1.6721701170004006,0.9251191286589516,0.9235947983459347,26.12063175500043,2870779904,1.492537012876946,0.05682821059915686,0.0,0.00010056484237562763
ideal,False,14,1.50038823927852,0.9872018265937631,1.6462788101440389,0.9343090537780804,0.9325645216189946,26.3293412919993,2870779904,1.4890540627585733,0.04533599764945802,0.0,0.00017574421116409096
ideal,False,15,1.4968885957553668,0.9892447275130686,2.0024004531117665,0.7059223961878829,0.7510661649242979,27.26773206100006,2870779904,1.4870109559896152,0.039509874932906204,0.0,0.00018086389152187425
ideal,False,16,1.5237654448271816,0.9755452742894911,1.7222024436870182,0.9193328795098706,0.9168968804856357,27.528484966998803,2870779904,1.502659818956086,0.08442118085034088,0.0,0.0003285667461659543
ideal,False,17,1.4960111837966406,0.9897854954034729,1.6426747170656697,0.9554118447923757,0.9499540908573965,27.822884408999016,2870779904,1.4857992930301414,0.040846444058001405,0.0,0.0002914747416427851
ideal,False,18,1.5106660343739289,0.9829958541128402,1.876808464730005,0.8148400272294077,0.760190246935849,26.09454735899999,2870779904,1.495515390040675,0.06060149476629592,0.0,0.0002775600167634991
ideal,False,19,1.505424303023752,0.9829958541128402,1.6350324847732294,0.960857726344452,0.9619078387813683,25.946934375000637,2870779904,1.491023468518568,0.057602744335526354,0.0,0.0001396845445413603
ideal,False,20,1.4912120096888213,0.9910472871477498,1.6782632938771933,0.9458815520762424,0.9454984465031415,26.267214288000105,2870779904,1.4834109731557987,0.031203779169850863,0.0,9.092505628843023e-05
ideal,False,21,1.4879141542649803,0.9923090788920267,1.7257611140497207,0.908781484002723,0.9358038710533737,26.03399272599927,2870779904,1.481692467086527,0.02488623156414785,0.0,0.00012491791809614302
ideal,False,22,1.4888649960302829,0.9924292495343388,1.6125062259384528,0.9571136827773996,0.9466860294660787,26.273246370999914,2870779904,1.482244265063024,0.026482671052924803,0.0,7.809048761343778e-05
ideal,False,23,1.496897035533832,0.9867211440245148,1.7247206214498385,0.876786929884275,0.8244285663009615,26.170783224999468,2870779904,1.4865240518959255,0.041491764125694046,0.0,4.4226596653778006e-05
ideal,False,24,1.4905274160591762,0.99134771375353,1.6661407339727092,0.9162695711368277,0.8789622578276015,26.252659017998667,2870779904,1.4830934495183272,0.029735501109750734,0.0,8.857608018085044e-05
ideal,False,25,1.4876700518602994,0.9906867752208136,1.6566413378050084,0.9458815520762424,0.9344485109959797,26.650824106000073,2870779904,1.4810320423005086,0.026551430777341123,0.0,0.00015270169003131202
ideal,False,26,1.487660906424153,0.9915279697169982,2.1505005248474216,0.6691626957113683,0.5521475306511595,26.836858479999137,2870779904,1.481212618051151,0.025792627315291174,0.0,0.00013894622640978367
ideal,False,27,1.4915652964927826,0.9908069458631257,1.8434263587890636,0.8019060585432267,0.800065253998104,26.091596479000145,2870779904,1.4835932239964411,0.03188743924572442,0.0,0.0002038819706014562
ideal,False,28,1.4866131354873873,0.9924292495343388,1.691889402085701,0.9084411164057182,0.8890614043228409,26.35181630200168,2870779904,1.4811714600393608,0.021765969265289006,0.0,0.00018241918243532216
ideal,False,29,1.48064535375986,0.9961545394460133,1.67527602877724,0.9278420694349898,0.9038302036629885,26.25083025799904,2870779904,1.4770185291956932,0.014506711230780553,0.0,0.00015296180777797934
ideal,False,30,1.4821140077519086,0.9946524064171123,1.658567965395845,0.943498978897209,0.9339133559885147,26.793399195001257,2870779904,1.4780469631221886,0.016267521433171415,0.0,0.00016966190586416757
ideal,False,31,1.4847785442385302,0.994171723847864,2.535223499620099,0.5490129339686862,0.41086865255487987,26.475383951999902,2870779904,1.4797030778227178,0.020301505174766057,0.0,0.00010008373442594225
ideal,False,32,1.5403021036385989,0.9674337559334255,1.7677747369056012,0.8835942818243703,0.8630177060407125,26.652087766999102,2870779904,1.5150993202180019,0.10081064661609772,0.0,0.0001274798442369545
ideal,False,33,1.4948200509001384,0.98846361833804,1.6804948487681057,0.9152484683458135,0.8992121265893355,27.067025147000095,2870779904,1.4856270421892879,0.03677080932652972,0.0,0.0003067953973732795
ideal,False,34,1.4926971872501962,0.9891245568707565,2.03934347808077,0.6848196051735874,0.5569364195073976,26.54721334000169,2870779904,1.4845027144064247,0.032776865382281334,0.0,0.0002594201432067237
ideal,False,35,1.504312751177576,0.9838971339301809,1.628166004944367,0.9452008168822328,0.9363284457455077,27.970043950001127,2870779904,1.4912178908189186,0.052378116409328275,0.0,0.00032775980419333427
ideal,True,36,1.4876002632553802,0.9923090788920267,1.580599116337713,0.9802586793737236,0.9715792195424635,27.676413520001006,2870779904,1.4810690795516464,0.026123572473936003,0.0,0.00028829612598449156
ideal,False,37,1.4830129424633045,0.9947725770594243,1.5813207697754736,0.9686861810755616,0.932224818346571,27.439109646998986,2870779904,1.478186492721371,0.019304490852151954,0.0,0.00032284478499790774
ideal,False,38,1.4806999045266975,0.9957940275190771,1.7051785858088078,0.9084411164057182,0.9099889585982337,27.482582648999596,2870779904,1.4764932283005419,0.016825404541742344,0.0,0.0003183157850881552
ideal,False,39,1.4786569764606512,0.9972961605479781,1.703004069438672,0.9135466303607896,0.8944975321888441,27.529888070999732,2870779904,1.4753305784019866,0.013304109963035432,0.0,0.00036375150725538754
ideal,False,40,1.4755910111399058,0.9980772697230067,1.7126665513802743,0.9050374404356705,0.8335488833121308,27.478855342000315,2870779904,1.473314334536404,0.009105227016463616,0.0,0.00037191148661117594
ideal,False,41,1.4926754325254028,0.9885837889803522,1.6865498482410075,0.8951667801225324,0.8148456293081505,27.419165614999656,2870779904,1.4846659674564535,0.03203629399928194,0.0,0.00038538184149740243
ideal,False,42,1.488280930048083,0.9915279697169982,1.817122568396016,0.820285908781484,0.8157521669880403,27.17026849800095,2870779904,1.4816661435079526,0.02645774855327844,0.0,0.00033883787017569233
ideal,False,43,1.481740633376851,0.9945923210959563,1.766291803612524,0.8604492852280463,0.746278702197567,28.032329023000784,2870779904,1.4770114668457224,0.018915499634792304,0.0,0.00028960117685807724
ideal,False,44,1.4810837648568558,0.9953133449498287,1.7906897877900272,0.8672566371681416,0.8548853309875539,27.9143313830009,2870779904,1.4771883431115862,0.015580709082414301,0.0,0.00024775698992425896
ideal,False,45,1.4876838497750813,0.9921288229285585,1.8960676361217719,0.7641252552756977,0.7421192596789555,28.13376150499971,2870779904,1.4818100359178696,0.023494143757275477,0.0,0.0002821009957227818
ideal,False,46,1.4943612545633778,0.9910472871477498,1.6071850739018783,0.9499659632402995,0.9456472142022652,27.228170030999536,2870779904,1.4854450165878041,0.03566398341668678,0.0,0.00023891444491787097
ideal,False,47,1.4813275844555294,0.9953734302709848,1.9576660686808431,0.7726344452008169,0.6054952433657326,27.848004531999322,2870779904,1.4775902946816322,0.014948276371678818,0.0,0.0002224516940285394
ideal,False,48,1.5069506358822429,0.9823349155801238,1.6348273396248554,0.9387338325391422,0.9185856450294724,27.363003262000348,2870779904,1.4936050260424407,0.053381632158786115,0.0,0.00020021891776634442
ideal,False,49,1.4841007490767772,0.995733942197921,1.6257196099194968,0.9520081688223281,0.9384325606497393,27.72972560800008,2870779904,1.4794612888360708,0.018556664411708484,0.0,0.0003030780780759007
ideal,False,50,1.4829115839107088,0.995553686234453,1.6216286670764017,0.9424778761061947,0.9333833331332283,28.00355369099998,2870779904,1.478611861012743,0.017197815726602898,0.0,0.00026619530198227967
ideal,False,51,1.479040423587331,0.9966352220152617,1.6398295230651243,0.9503063308373043,0.9218309047491381,27.807263767001132,2870779904,1.4763815978151713,0.010634072433553422,0.0,0.00030513737327311503
ideal,False,52,1.4817148127364173,0.9962747100883255,1.8484185715773382,0.7964601769911505,0.6954319422594281,27.90370987300048,2870779904,1.4784443923388866,0.013080520984581125,0.0,0.00029679934406740737
ideal,False,53,1.5637451728318723,0.9483867091269603,1.6217583855290734,0.9213750850918992,0.9051532275458497,27.209219550999478,2870779904,1.5288844286145582,0.1394420872639896,0.0,0.00022509127308842082
ideal,False,54,1.5074178559314686,0.981253379799315,1.862577119272854,0.8093941456773315,0.7856186638956829,27.487998071999755,2870779904,1.4959010369272134,0.04606674180643599,0.0,0.00014220708215185082
ideal,False,55,1.493900122518172,0.9885237036591961,2.0368614091282398,0.7147719537100068,0.6436355595679843,27.59869973000059,2870779904,1.4868842529246336,0.028061516703389223,0.0,0.00048098239954325967
ideal,False,56,1.5499143597383893,0.9589617256504236,1.621247647569811,0.9390742001361471,0.9186478235455782,27.888440587999867,2870779904,1.5202795621015515,0.11853608353532287,0.0,0.0007746289710556273
hw_finetune,False,1,1.4913233544601168,0.9920086522862465,1.6072035047616822,0.944860449285228,0.9252827581695493,31.4711642580005,2871673344,1.4849407971066466,0.025529215183899855,0.0,0.0002585902335317664
hw_finetune,False,2,1.4887709842381165,0.9907468605419696,1.826095134080714,0.8162014976174268,0.7009351267060838,30.60157235799852,2872066560,1.4829350850591148,0.02334227267781903,0.0,0.000320259655158289
hw_finetune,True,3,1.4921361947227239,0.9897254100823168,1.6491893645124909,0.94213750850919,0.9420393917590518,31.036589428000298,2872066560,1.485476232789811,0.026638382748504375,0.0,0.0003673856013297756
hw_finetune,False,4,1.4940876566732704,0.9863606320975785,1.6706348869409424,0.9373723621511232,0.9325783507317406,30.938882685999488,2872066560,1.4862396149138795,0.031390664336306114,0.0,0.00037313825770082657
hw_finetune,False,5,1.490087982081582,0.9908069458631257,1.7320694640187522,0.8955071477195371,0.9158192247783375,31.782698484999855,2872066560,1.484469550737343,0.022471913149776104,0.0,0.0004428580360603386
hw_finetune,False,6,1.500171489349704,0.9843177311782731,1.6736167884343656,0.904356705241661,0.9082493870236537,31.449917476998962,2872066560,1.4888348643513158,0.04534475401200824,0.0,0.0004372394453345078
