Time,Id
304.7329E-3,-614.2901E-9
322.6342E-3,-611.4629E-9
340.5383E-3,-609.2011E-9
358.4091E-3,-606.7718E-9
376.3371E-3,-604.5939E-9
394.2327E-3,-602.2693E-9
412.1302E-3,-600.3846E-9
430.0525E-3,-598.2275E-9
447.9442E-3,-596.6568E-9
465.8503E-3,-594.7512E-9
483.7725E-3,-592.8244E-9
501.6605E-3,-590.9397E-9
519.5656E-3,-589.4109E-9
537.4907E-3,-587.7774E-9
555.3863E-3,-586.2487E-9
573.2924E-3,-584.9294E-9
591.2185E-3,-583.3377E-9
609.1093E-3,-582.0603E-9
627.0115E-3,-580.8038E-9
644.9310E-3,-579.5263E-9
662.8227E-3,-578.1232E-9
680.7306E-3,-576.8457E-9
698.6319E-3,-575.6730E-9
716.5208E-3,-574.5002E-9
734.4355E-3,-573.3693E-9
752.3425E-3,-572.4060E-9
770.2171E-3,-571.1914E-9
788.1184E-3,-570.2909E-9
806.0369E-3,-569.2228E-9
823.9182E-3,-568.2386E-9
841.8290E-3,-567.1496E-9
859.7351E-3,-566.3119E-9
877.6039E-3,-565.4114E-9
895.5281E-3,-564.5737E-9
913.4361E-3,-563.4219E-9
931.3145E-3,-562.7099E-9
949.2349E-3,-561.9769E-9
967.1314E-3,-561.2021E-9
985.0013E-3,-560.5319E-9
1.0029E+0,-559.6942E-9
1.0208E+0,-558.6890E-9
1.0387E+0,-558.0607E-9
1.0566E+0,-557.1812E-9
1.0745E+0,-556.5320E-9
1.0924E+0,-555.8409E-9
1.1103E+0,-555.1288E-9
1.1282E+0,-554.2702E-9
1.1461E+0,-553.7885E-9
1.1640E+0,-553.0765E-9
1.1819E+0,-552.2180E-9
1.1998E+0,-551.7363E-9
1.2178E+0,-551.1918E-9
1.2357E+0,-550.5216E-9
1.2536E+0,-549.7468E-9
1.2715E+0,-549.1185E-9
1.2894E+0,-548.7625E-9
1.3073E+0,-548.1971E-9
1.3252E+0,-547.6317E-9
1.3431E+0,-546.7940E-9
1.3610E+0,-546.4798E-9
1.3789E+0,-545.8306E-9
1.3968E+0,-545.3280E-9
1.4147E+0,-544.9092E-9
1.4326E+0,-544.1972E-9
1.4505E+0,-543.7992E-9
1.4684E+0,-543.3594E-9
1.4864E+0,-542.8150E-9
1.5042E+0,-542.3543E-9
1.5222E+0,-541.7888E-9
1.5401E+0,-541.3700E-9
1.5579E+0,-540.8673E-9
1.5759E+0,-540.3647E-9
1.5938E+0,-539.9878E-9
1.6116E+0,-539.4433E-9
1.6296E+0,-539.1082E-9
1.6474E+0,-538.5219E-9
1.6653E+0,-538.1031E-9
1.6833E+0,-537.8099E-9
1.7012E+0,-537.4748E-9
1.7191E+0,-536.8465E-9
1.7370E+0,-536.6161E-9
1.7549E+0,-536.0297E-9
1.7728E+0,-535.8413E-9
1.7907E+0,-535.3805E-9
1.8086E+0,-534.8570E-9
1.8265E+0,-534.5010E-9
1.8444E+0,-534.1868E-9
1.8623E+0,-533.8937E-9
1.8802E+0,-533.3701E-9
1.8981E+0,-532.8885E-9
1.9160E+0,-532.6162E-9
1.9340E+0,-532.1974E-9
1.9519E+0,-531.9042E-9
1.9697E+0,-531.5691E-9
1.9877E+0,-531.1712E-9
2.0056E+0,-530.8361E-9
2.0235E+0,-530.4592E-9
2.0414E+0,-530.2289E-9
2.0593E+0,-529.9775E-9
2.0772E+0,-529.5378E-9
2.0951E+0,-529.1817E-9
2.1130E+0,-528.8258E-9
2.1308E+0,-528.5953E-9
2.1487E+0,-528.3650E-9
2.1666E+0,-527.9462E-9
2.1845E+0,-527.6320E-9
2.2025E+0,-527.6320E-9
2.2204E+0,-527.0037E-9
2.2383E+0,-526.8153E-9
2.2562E+0,-526.3126E-9
2.2741E+0,-526.1870E-9
2.2920E+0,-525.8100E-9
2.3099E+0,-525.6216E-9
2.3278E+0,-525.1818E-9
2.3457E+0,-524.8886E-9
2.3636E+0,-524.6792E-9
2.3815E+0,-524.4907E-9
2.3994E+0,-524.0719E-9
2.4174E+0,-523.6949E-9
2.4352E+0,-523.6321E-9
2.4531E+0,-523.1714E-9
2.4711E+0,-522.8782E-9
2.4889E+0,-522.7735E-9
2.5069E+0,-522.4175E-9
2.5248E+0,-522.1033E-9
2.5427E+0,-521.9358E-9
2.5606E+0,-521.4332E-9
2.5785E+0,-521.1610E-9
2.5964E+0,-520.9515E-9
2.6143E+0,-520.8468E-9
2.6322E+0,-520.5536E-9
2.6501E+0,-520.3233E-9
2.6680E+0,-519.9044E-9
2.6859E+0,-519.4437E-9
2.7038E+0,-519.3181E-9
2.7217E+0,-519.1924E-9
2.7396E+0,-519.0039E-9
2.7575E+0,-518.6898E-9
2.7754E+0,-518.2919E-9
2.7933E+0,-518.3128E-9
2.8112E+0,-517.8312E-9
2.8291E+0,-517.8940E-9
2.8470E+0,-517.5170E-9
2.8649E+0,-517.3285E-9
2.8828E+0,-517.0982E-9
2.9007E+0,-516.9725E-9
2.9186E+0,-516.4280E-9
2.9365E+0,-516.1977E-9
2.9544E+0,-515.9882E-9
2.9723E+0,-515.7160E-9
2.9902E+0,-515.6532E-9
3.0081E+0,-515.4857E-9
3.0260E+0,-515.1925E-9
3.0440E+0,-515.0040E-9
3.0619E+0,-514.8156E-9
3.0798E+0,-514.6270E-9
3.0977E+0,-514.3548E-9
3.1156E+0,-514.2082E-9
3.1335E+0,-513.8941E-9
3.1514E+0,-513.6847E-9
3.1693E+0,-513.3077E-9
3.1872E+0,-513.3077E-9
3.2051E+0,-513.2239E-9
3.2230E+0,-513.0564E-9
3.2409E+0,-512.8470E-9
3.2588E+0,-512.6375E-9
3.2766E+0,-512.5119E-9
3.2946E+0,-512.1349E-9
3.3125E+0,-511.9255E-9
3.3303E+0,-511.7579E-9
3.3483E+0,-511.5904E-9
3.3662E+0,-511.4020E-9
3.3841E+0,-511.3182E-9
3.4020E+0,-511.1506E-9
3.4199E+0,-510.8365E-9
3.4378E+0,-510.4386E-9
3.4557E+0,-510.4386E-9
3.4736E+0,-510.2920E-9
3.4915E+0,-510.1036E-9
3.5094E+0,-509.8942E-9
3.5273E+0,-509.5591E-9
3.5452E+0,-509.4753E-9
3.5632E+0,-509.1402E-9
3.5811E+0,-508.9727E-9
3.5990E+0,-508.8052E-9
3.6169E+0,-508.5748E-9
3.6348E+0,-508.3863E-9
3.6527E+0,-508.2188E-9
3.6706E+0,-508.0931E-9
3.6885E+0,-507.9465E-9
3.7064E+0,-507.7999E-9
3.7243E+0,-507.5905E-9
3.7422E+0,-507.4858E-9
3.7601E+0,-507.1298E-9
3.7780E+0,-507.1508E-9
3.7959E+0,-507.0041E-9
3.8138E+0,-506.6481E-9
3.8317E+0,-506.6481E-9
3.8496E+0,-506.5853E-9
3.8675E+0,-506.2083E-9
3.8854E+0,-506.0408E-9
3.9033E+0,-505.9152E-9
3.9212E+0,-505.7895E-9
3.9391E+0,-505.6639E-9
3.9570E+0,-505.4335E-9
3.9750E+0,-505.3079E-9
3.9929E+0,-505.0985E-9
4.0107E+0,-504.9728E-9
4.0287E+0,-504.9100E-9
4.0466E+0,-504.6796E-9
4.0645E+0,-504.6587E-9
4.0824E+0,-504.3445E-9
4.1003E+0,-504.4283E-9
4.1182E+0,-504.0932E-9
4.1361E+0,-504.0304E-9
4.1540E+0,-503.7791E-9
4.1719E+0,-503.7791E-9
4.1898E+0,-503.4649E-9
4.2077E+0,-503.4021E-9
4.2256E+0,-503.2346E-9
4.2436E+0,-503.1299E-9
4.2614E+0,-503.0042E-9
4.2794E+0,-502.9205E-9
4.2973E+0,-502.6482E-9
4.3151E+0,-502.4597E-9
4.3331E+0,-502.4807E-9
4.3510E+0,-502.0199E-9
4.3688E+0,-502.0828E-9
4.3867E+0,-501.8315E-9
4.4046E+0,-501.7896E-9
4.4225E+0,-501.6430E-9
4.4404E+0,-501.4336E-9
4.4583E+0,-501.3708E-9
4.4762E+0,-501.3917E-9
4.4941E+0,-501.1613E-9
4.5120E+0,-500.7635E-9
4.5299E+0,-500.7006E-9
4.5479E+0,-514.2082E-9
4.5658E+0,-531.9461E-9
4.5837E+0,-545.5374E-9
4.6016E+0,-554.8985E-9
4.6195E+0,-563.3172E-9
4.6374E+0,-570.2699E-9
4.6553E+0,-565.1391E-9
4.6732E+0,-562.1654E-9
4.6911E+0,-560.1549E-9
4.7090E+0,-558.7937E-9
4.7269E+0,-557.4535E-9
4.7448E+0,-563.5475E-9
4.7628E+0,-573.8301E-9
4.7807E+0,-582.3535E-9
4.7986E+0,-589.4947E-9
4.8165E+0,-596.6359E-9
4.8344E+0,-603.4840E-9
4.8523E+0,-600.1332E-9
4.8702E+0,-597.4945E-9
4.8881E+0,-595.7982E-9
4.9060E+0,-594.2067E-9
4.9239E+0,-593.2224E-9
4.9418E+0,-596.0077E-9
4.9597E+0,-604.7824E-9
4.9776E+0,-610.9602E-9
4.9955E+0,-617.2010E-9
5.0134E+0,-622.3108E-9
5.0313E+0,-627.3369E-9
5.0492E+0,-626.0175E-9
5.0671E+0,-623.9442E-9
5.0850E+0,-622.6250E-9
5.1029E+0,-621.3893E-9
5.1208E+0,-620.5307E-9
5.1387E+0,-621.2637E-9
5.1566E+0,-628.8656E-9
5.1745E+0,-633.7660E-9
5.1924E+0,-637.8916E-9
5.2103E+0,-642.0172E-9
5.2282E+0,-646.4779E-9
5.2461E+0,-646.3522E-9
5.2640E+0,-644.8863E-9
5.2819E+0,-643.3784E-9
5.2998E+0,-642.6036E-9
5.3177E+0,-641.8707E-9
5.3356E+0,-641.3262E-9
5.3535E+0,-647.5040E-9
5.3714E+0,-652.0275E-9
5.3893E+0,-656.1531E-9
5.4072E+0,-660.0064E-9
5.4251E+0,-664.0063E-9
5.4430E+0,-665.3466E-9
5.4609E+0,-663.9644E-9
5.4788E+0,-662.9383E-9
5.4967E+0,-661.9959E-9
5.5147E+0,-661.4724E-9
5.5326E+0,-660.7185E-9
5.5505E+0,-666.2890E-9
5.5684E+0,-670.7287E-9
5.5863E+0,-674.3726E-9
5.6042E+0,-677.1369E-9
5.6221E+0,-680.5714E-9
5.6400E+0,-682.3306E-9
5.6579E+0,-680.8437E-9
5.6758E+0,-679.9851E-9
5.6937E+0,-679.3359E-9
5.7116E+0,-678.4563E-9
5.7295E+0,-678.3097E-9
5.7474E+0,-681.6814E-9
5.7653E+0,-685.4509E-9
5.7832E+0,-688.8226E-9
5.8011E+0,-691.9848E-9
5.8190E+0,-696.1942E-9
5.8369E+0,-699.1470E-9
5.8548E+0,-697.2622E-9
5.8727E+0,-696.3408E-9
5.8906E+0,-695.9847E-9
5.9085E+0,-695.1471E-9
5.9264E+0,-694.8539E-9
5.9443E+0,-697.3879E-9
5.9622E+0,-701.5763E-9
5.9801E+0,-705.4087E-9
5.9980E+0,-708.3825E-9
6.0159E+0,-710.9583E-9
6.0338E+0,-714.0577E-9
6.0517E+0,-712.2986E-9
6.0696E+0,-711.5237E-9
6.0875E+0,-710.9583E-9
6.1054E+0,-710.1415E-9
6.1233E+0,-709.9949E-9
6.1413E+0,-711.9007E-9
6.1592E+0,-715.2305E-9
6.1771E+0,-718.1833E-9
6.1950E+0,-720.7801E-9
6.2129E+0,-723.7539E-9
6.2308E+0,-726.8114E-9
6.2487E+0,-725.8899E-9
6.2666E+0,-725.1570E-9
6.2845E+0,-724.6543E-9
6.3024E+0,-724.0889E-9
6.3203E+0,-723.6492E-9
6.3382E+0,-724.4659E-9
6.3561E+0,-728.0470E-9
6.3740E+0,-731.0836E-9
6.3919E+0,-734.1411E-9
6.4098E+0,-736.9474E-9
6.4277E+0,-739.6069E-9
6.4456E+0,-739.5441E-9
6.4635E+0,-738.5598E-9
6.4814E+0,-738.0781E-9
6.4994E+0,-737.5127E-9
6.5173E+0,-737.1986E-9
6.5352E+0,-736.9892E-9
6.5531E+0,-741.2823E-9
6.5710E+0,-744.0466E-9
6.5890E+0,-746.4550E-9
6.6068E+0,-748.7167E-9
6.6248E+0,-751.1251E-9
6.6427E+0,-751.6277E-9
6.6606E+0,-750.8528E-9
6.6785E+0,-750.4131E-9
6.6964E+0,-749.9314E-9
6.7143E+0,-749.4706E-9
6.7323E+0,-749.1565E-9
6.7502E+0,-752.1721E-9
6.7681E+0,-754.5805E-9
6.7860E+0,-756.8003E-9
6.8039E+0,-759.3553E-9
6.8218E+0,-762.2871E-9
6.8397E+0,-763.0410E-9
6.8576E+0,-762.1824E-9
6.8756E+0,-761.5961E-9
6.8935E+0,-760.9469E-9
6.9114E+0,-760.7794E-9
6.9293E+0,-760.2977E-9
6.9473E+0,-763.2923E-9
6.9651E+0,-765.8473E-9
6.9831E+0,-768.4022E-9
7.0010E+0,-770.3498E-9
7.0189E+0,-772.6325E-9
7.0368E+0,-774.3288E-9
7.0547E+0,-773.1560E-9
7.0726E+0,-772.5487E-9
7.0906E+0,-772.0461E-9
7.1085E+0,-771.7948E-9
7.1264E+0,-771.3132E-9
7.1444E+0,-773.1142E-9
7.1622E+0,-775.5434E-9
7.1802E+0,-777.6167E-9
7.1981E+0,-780.0250E-9
7.2160E+0,-782.1401E-9
7.2339E+0,-784.5276E-9
7.2518E+0,-782.9778E-9
7.2698E+0,-782.4333E-9
7.2877E+0,-782.0564E-9
7.3056E+0,-781.8261E-9
7.3235E+0,-781.5956E-9
7.3415E+0,-783.0407E-9
7.3594E+0,-785.7421E-9
7.3773E+0,-787.7317E-9
7.3952E+0,-790.0352E-9
7.4131E+0,-792.1504E-9
7.4310E+0,-793.9305E-9
7.4490E+0,-792.9881E-9
7.4669E+0,-792.0876E-9
7.4848E+0,-791.9201E-9
7.5027E+0,-791.5222E-9
7.5206E+0,-791.2080E-9
7.5386E+0,-792.1086E-9
7.5565E+0,-794.4332E-9
7.5744E+0,-796.2760E-9
7.5923E+0,-798.1608E-9
7.6102E+0,-800.6319E-9
7.6281E+0,-802.7262E-9
7.6461E+0,-802.0770E-9
7.6640E+0,-801.3230E-9
7.6819E+0,-800.9880E-9
7.6998E+0,-800.6319E-9
7.7177E+0,-800.1921E-9
7.7356E+0,-800.4853E-9
7.7535E+0,-803.1450E-9
7.7714E+0,-805.3020E-9
7.7893E+0,-807.3962E-9
7.8072E+0,-809.4066E-9
7.8252E+0,-811.8988E-9
7.8431E+0,-811.4171E-9
7.8610E+0,-810.5375E-9
7.8789E+0,-810.2443E-9
7.8968E+0,-809.8255E-9
7.9148E+0,-809.6370E-9
7.9327E+0,-809.2182E-9
7.9506E+0,-812.6946E-9
7.9685E+0,-815.2495E-9
7.9865E+0,-817.1551E-9
8.0044E+0,-818.8934E-9
8.0223E+0,-820.6106E-9
8.0402E+0,-820.7991E-9
8.0581E+0,-819.9823E-9
8.0760E+0,-819.5216E-9
8.0940E+0,-818.7677E-9
8.1119E+0,-818.7886E-9
8.1298E+0,-818.3699E-9
8.1477E+0,-820.5269E-9
8.1656E+0,-822.2441E-9
8.1836E+0,-823.9404E-9
8.2015E+0,-826.2859E-9
8.2194E+0,-828.5267E-9
8.2373E+0,-828.9874E-9
8.2552E+0,-827.9613E-9
8.2731E+0,-827.3120E-9
8.2911E+0,-827.1027E-9
8.3090E+0,-826.8304E-9
8.3269E+0,-826.6001E-9
8.3448E+0,-828.5476E-9
8.3627E+0,-831.0188E-9
8.3806E+0,-832.9665E-9
8.3986E+0,-834.8092E-9
8.4165E+0,-836.5056E-9
8.4344E+0,-837.9297E-9
8.4523E+0,-836.6941E-9
8.4702E+0,-835.9192E-9
8.4882E+0,-835.4795E-9
8.5061E+0,-835.1863E-9
8.5240E+0,-834.8092E-9
8.5419E+0,-836.3381E-9
8.5598E+0,-838.2228E-9
8.5777E+0,-840.0867E-9
8.5957E+0,-841.7829E-9
8.6136E+0,-843.4374E-9
8.6315E+0,-845.1965E-9
8.6494E+0,-843.8353E-9
8.6673E+0,-843.3117E-9
8.6852E+0,-843.0395E-9
8.7032E+0,-842.5159E-9
8.7210E+0,-842.3066E-9
8.7389E+0,-843.2280E-9
8.7569E+0,-845.4059E-9
8.7747E+0,-846.8928E-9
8.7927E+0,-849.4478E-9
8.8106E+0,-851.3745E-9
8.8285E+0,-853.0288E-9
8.8465E+0,-851.8980E-9
8.8644E+0,-851.3953E-9
8.8823E+0,-851.0812E-9
8.9002E+0,-850.6414E-9
8.9181E+0,-850.1807E-9
8.9360E+0,-850.5786E-9
8.9540E+0,-853.2173E-9
8.9719E+0,-854.6205E-9
8.9898E+0,-856.0026E-9
9.0077E+0,-857.3219E-9
9.0256E+0,-858.6413E-9
9.0435E+0,-857.9711E-9
9.0614E+0,-857.4476E-9
9.0794E+0,-856.5261E-9
9.0973E+0,-856.6099E-9
9.1152E+0,-856.2539E-9
9.1331E+0,-855.8560E-9
9.1511E+0,-858.3062E-9
9.1690E+0,-859.8559E-9
9.1869E+0,-861.9292E-9
9.2048E+0,-863.5417E-9
9.2227E+0,-865.1333E-9
9.2406E+0,-864.7563E-9
9.2585E+0,-863.9815E-9
9.2764E+0,-863.4370E-9
9.2944E+0,-863.1020E-9
9.3123E+0,-862.7040E-9
9.3302E+0,-862.6203E-9
9.3481E+0,-864.9657E-9
9.3660E+0,-866.6412E-9
9.3840E+0,-868.2955E-9
9.4019E+0,-869.6567E-9
9.4198E+0,-870.8085E-9
9.4377E+0,-871.0389E-9
9.4556E+0,-869.9290E-9
9.4735E+0,-869.5102E-9
9.4914E+0,-869.0914E-9
9.5094E+0,-868.7354E-9
9.5273E+0,-868.4211E-9
9.5452E+0,-870.1594E-9
9.5631E+0,-871.5206E-9
9.5810E+0,-873.0075E-9
9.5989E+0,-874.5781E-9
9.6169E+0,-876.3582E-9
9.6348E+0,-877.2378E-9
9.6527E+0,-876.0231E-9
9.6706E+0,-875.5624E-9
9.6885E+0,-874.9760E-9
9.7064E+0,-874.6619E-9
9.7243E+0,-874.4525E-9
9.7423E+0,-876.0650E-9
9.7602E+0,-877.9707E-9
9.7781E+0,-879.3949E-9
9.7960E+0,-880.9026E-9
9.8139E+0,-882.4732E-9
9.8318E+0,-883.4994E-9
9.8498E+0,-881.8660E-9
9.8677E+0,-881.3215E-9
9.8856E+0,-881.1749E-9
9.9035E+0,-880.6095E-9
9.9214E+0,-880.1906E-9
9.9393E+0,-881.5518E-9
9.9572E+0,-883.2063E-9
9.9751E+0,-884.4209E-9
9.9931E+0,-885.6983E-9
10.0110E+0,-886.7035E-9
10.0289E+0,-888.2952E-9
10.0468E+0,-886.9549E-9
10.0647E+0,-886.1381E-9
10.0826E+0,-885.8449E-9
10.1005E+0,-885.3632E-9
10.1184E+0,-885.1329E-9
10.1363E+0,-885.8659E-9
10.1543E+0,-887.5203E-9
10.1722E+0,-888.7978E-9
10.1901E+0,-890.6197E-9
10.2080E+0,-891.9810E-9
10.2259E+0,-893.0909E-9
10.2439E+0,-892.2113E-9
10.2618E+0,-891.5831E-9
10.2797E+0,-890.9757E-9
10.2976E+0,-890.8710E-9
10.3155E+0,-890.4313E-9
10.3334E+0,-890.3893E-9
10.3513E+0,-892.9653E-9
10.3693E+0,-894.3683E-9
10.3872E+0,-895.5620E-9
10.4051E+0,-896.5673E-9
10.4230E+0,-897.3631E-9
10.4409E+0,-896.6929E-9
10.4588E+0,-895.8343E-9
10.4767E+0,-895.4155E-9
10.4947E+0,-895.2269E-9
10.5126E+0,-895.0804E-9
10.5305E+0,-894.8710E-9
10.5485E+0,-896.3578E-9
10.5664E+0,-897.7609E-9
10.5843E+0,-899.1641E-9
10.6022E+0,-900.4625E-9
10.6201E+0,-901.7400E-9
10.6380E+0,-901.6980E-9
10.6559E+0,-900.9651E-9
10.6738E+0,-900.4834E-9
10.6918E+0,-899.9389E-9
10.7097E+0,-899.8132E-9
10.7276E+0,-899.3944E-9
10.7455E+0,-901.3839E-9
10.7635E+0,-902.7870E-9
10.7814E+0,-904.6508E-9
10.7993E+0,-905.8236E-9
10.8172E+0,-906.8498E-9
10.8351E+0,-906.8498E-9
10.8530E+0,-905.8446E-9
10.8709E+0,-905.2163E-9
10.8888E+0,-904.8812E-9
10.9068E+0,-904.5671E-9
10.9247E+0,-904.1273E-9
10.9426E+0,-905.7817E-9
10.9605E+0,-907.1220E-9
10.9785E+0,-908.0854E-9
10.9964E+0,-909.1953E-9
11.0143E+0,-910.1586E-9
11.0322E+0,-911.3314E-9
11.0501E+0,-909.6141E-9
11.0681E+0,-909.0277E-9
11.0860E+0,-908.6927E-9
11.1039E+0,-908.3157E-9
11.1218E+0,-907.9178E-9
11.1397E+0,-909.1115E-9
11.1576E+0,-910.8078E-9
11.1755E+0,-912.3365E-9
11.1934E+0,-913.5513E-9
11.2113E+0,-914.5774E-9
11.2293E+0,-915.4570E-9
11.2472E+0,-913.9700E-9
11.2651E+0,-913.5303E-9
11.2830E+0,-912.8182E-9
11.3009E+0,-912.7135E-9
11.3188E+0,-912.5669E-9
11.3367E+0,-912.9858E-9
11.3547E+0,-914.7030E-9
11.3726E+0,-915.7501E-9
11.3905E+0,-916.7134E-9
11.4084E+0,-917.7186E-9
11.4263E+0,-918.5773E-9
11.4442E+0,-917.3835E-9
11.4621E+0,-916.4831E-9
11.4801E+0,-916.1689E-9
11.4980E+0,-915.9177E-9
11.5159E+0,-915.7083E-9
11.5338E+0,-915.9386E-9
11.5518E+0,-918.2003E-9
11.5697E+0,-919.5197E-9
11.5876E+0,-920.6925E-9
11.6055E+0,-922.0955E-9
11.6234E+0,-923.0379E-9
11.6413E+0,-922.4515E-9
11.6592E+0,-921.4464E-9
11.6772E+0,-921.3626E-9
11.6951E+0,-920.6505E-9
11.7130E+0,-920.1689E-9
11.7309E+0,-920.1060E-9
11.7488E+0,-922.5562E-9
11.7668E+0,-923.6243E-9
11.7847E+0,-924.8599E-9
11.8026E+0,-925.7185E-9
11.8205E+0,-926.4934E-9
11.8384E+0,-925.4882E-9
11.8563E+0,-924.8180E-9
11.8743E+0,-924.2107E-9
11.8922E+0,-923.8966E-9
11.9101E+0,-923.5615E-9
11.9280E+0,-923.2473E-9
11.9459E+0,-925.1950E-9
11.9638E+0,-926.2840E-9
11.9817E+0,-927.4986E-9
11.9996E+0,-928.3781E-9
12.0176E+0,-929.5300E-9
12.0354E+0,-929.5090E-9
12.0534E+0,-928.5038E-9
12.0713E+0,-927.9174E-9
12.0892E+0,-927.4567E-9
12.1071E+0,-927.3729E-9
12.1251E+0,-927.0797E-9
12.1430E+0,-928.6504E-9
12.1609E+0,-930.1372E-9
12.1788E+0,-931.7079E-9
12.1967E+0,-932.6922E-9
12.2146E+0,-933.2367E-9
12.2326E+0,-933.7602E-9
12.2504E+0,-932.2524E-9
12.2684E+0,-931.6241E-9
12.2863E+0,-931.4776E-9
12.3042E+0,-930.7027E-9
12.3221E+0,-930.5351E-9
12.3400E+0,-931.5822E-9
12.3580E+0,-933.0063E-9
12.3759E+0,-933.8859E-9
12.3938E+0,-934.7445E-9
12.4117E+0,-935.6869E-9
12.4296E+0,-936.6293E-9
12.4475E+0,-935.0376E-9
12.4655E+0,-934.3885E-9
12.4834E+0,-933.8021E-9
12.5013E+0,-933.4252E-9
12.5192E+0,-933.0063E-9
12.5371E+0,-934.2419E-9
12.5550E+0,-935.3728E-9
12.5730E+0,-937.2366E-9
12.5909E+0,-938.8910E-9
12.6088E+0,-939.3308E-9
12.6267E+0,-940.1057E-9
12.6446E+0,-938.7654E-9
12.6626E+0,-938.1162E-9
12.6805E+0,-937.4670E-9
12.6984E+0,-937.1738E-9
12.7163E+0,-937.0272E-9
12.7342E+0,-937.9067E-9
12.7521E+0,-939.5822E-9
12.7701E+0,-940.8596E-9
12.7880E+0,-941.6973E-9
12.8059E+0,-942.6187E-9
12.8238E+0,-943.0585E-9
12.8417E+0,-942.4302E-9
12.8597E+0,-941.4250E-9
12.8776E+0,-941.4040E-9
12.8955E+0,-940.8806E-9
12.9134E+0,-940.5455E-9
12.9313E+0,-940.1895E-9
12.9492E+0,-942.4093E-9
12.9671E+0,-943.6030E-9
12.9851E+0,-944.4616E-9
13.0029E+0,-945.7181E-9
13.0209E+0,-946.8490E-9
13.0388E+0,-945.9694E-9
13.0567E+0,-944.8804E-9
13.0746E+0,-944.6920E-9
13.0925E+0,-944.1684E-9
13.1104E+0,-943.7705E-9
13.1284E+0,-943.3726E-9
13.1463E+0,-945.6343E-9
13.1642E+0,-947.2888E-9
13.1821E+0,-948.2312E-9
13.2000E+0,-948.6500E-9
13.2180E+0,-949.2992E-9
13.2359E+0,-948.9641E-9
13.2538E+0,-948.1055E-9
13.2717E+0,-947.7704E-9
13.2896E+0,-947.4982E-9
13.3076E+0,-947.0793E-9
13.3255E+0,-946.7233E-9
13.3434E+0,-948.0427E-9
13.3613E+0,-948.7338E-9
13.3793E+0,-949.5924E-9
13.3972E+0,-950.7232E-9
13.4151E+0,-951.4563E-9
13.4330E+0,-951.6866E-9
13.4509E+0,-950.4091E-9
13.4688E+0,-949.9485E-9
13.4867E+0,-949.2783E-9
13.5046E+0,-948.9431E-9
13.5226E+0,-948.6919E-9
13.5405E+0,-950.4510E-9
13.5584E+0,-951.2258E-9
13.5763E+0,-952.6080E-9
13.5942E+0,-953.4876E-9
13.6122E+0,-954.4718E-9
13.6301E+0,-954.8907E-9
13.6480E+0,-953.0688E-9
13.6659E+0,-952.5661E-9
13.6839E+0,-952.3148E-9
13.7017E+0,-952.1683E-9
13.7197E+0,-951.9379E-9
13.7376E+0,-952.6080E-9
13.7555E+0,-953.6971E-9
13.7734E+0,-954.3462E-9
13.7914E+0,-955.0163E-9
13.8093E+0,-956.0216E-9
13.8272E+0,-956.5033E-9
13.8451E+0,-955.0163E-9
13.8630E+0,-954.5556E-9
13.8810E+0,-954.1368E-9
13.8989E+0,-953.8855E-9
13.9168E+0,-953.4876E-9
13.9347E+0,-954.3253E-9
13.9526E+0,-955.4980E-9
13.9706E+0,-956.2729E-9
13.9885E+0,-957.8645E-9
14.0064E+0,-958.7650E-9
14.0243E+0,-959.1838E-9
14.0422E+0,-958.0948E-9
14.0602E+0,-957.3409E-9
14.0781E+0,-957.0477E-9
14.0960E+0,-956.6080E-9
14.1139E+0,-956.0007E-9
14.1318E+0,-956.1683E-9
14.1497E+0,-958.1368E-9
14.1676E+0,-958.7859E-9
14.1856E+0,-959.7702E-9
14.2035E+0,-960.6707E-9
14.2214E+0,-961.3618E-9
14.2393E+0,-960.2937E-9
14.2572E+0,-959.2467E-9
14.2752E+0,-958.9535E-9
14.2931E+0,-958.4298E-9
14.3110E+0,-958.2624E-9
14.3289E+0,-958.1786E-9
14.3469E+0,-959.7702E-9
14.3648E+0,-960.7963E-9
14.3827E+0,-961.8434E-9
14.4006E+0,-962.7230E-9
14.4185E+0,-963.8329E-9
14.4364E+0,-962.8906E-9
14.4543E+0,-962.1785E-9
14.4723E+0,-961.6550E-9
14.4902E+0,-961.4037E-9
14.5081E+0,-961.1942E-9
14.5260E+0,-960.8173E-9
14.5439E+0,-960.5450E-9
14.5618E+0,-960.0634E-9
14.5798E+0,-960.0215E-9
14.5977E+0,-959.8539E-9
14.6156E+0,-959.8539E-9
14.6335E+0,-959.4143E-9
14.6514E+0,-959.3305E-9
14.6694E+0,-959.3094E-9
14.6873E+0,-958.9953E-9
14.7052E+0,-958.8697E-9
14.7232E+0,-958.9535E-9
14.7411E+0,-958.3880E-9
14.7590E+0,-958.3671E-9
14.7769E+0,-958.1158E-9
14.7948E+0,-958.0110E-9
14.8128E+0,-958.0530E-9
14.8307E+0,-957.8436E-9
14.8486E+0,-957.8225E-9
14.8665E+0,-957.5504E-9
14.8844E+0,-957.4666E-9
14.9024E+0,-957.3829E-9
14.9203E+0,-957.1734E-9
14.9382E+0,-956.5870E-9
14.9561E+0,-956.9012E-9
14.9740E+0,-956.7336E-9
14.9920E+0,-956.5870E-9
15.0099E+0,-956.5661E-9
15.0278E+0,-956.6918E-9
15.0457E+0,-956.2310E-9
15.0636E+0,-956.1263E-9
15.0815E+0,-956.0425E-9
15.0994E+0,-955.9589E-9
15.1173E+0,-955.6655E-9
15.1352E+0,-955.6655E-9
15.1531E+0,-955.5608E-9
15.1711E+0,-955.3723E-9
15.1890E+0,-955.2049E-9
15.2069E+0,-955.1420E-9
15.2248E+0,-955.2258E-9
15.2427E+0,-954.9955E-9
15.2606E+0,-954.8698E-9
15.2786E+0,-954.9535E-9
15.2965E+0,-954.6604E-9
15.3144E+0,-954.7441E-9
15.3324E+0,-954.5556E-9
15.3503E+0,-954.4718E-9
15.3682E+0,-954.5138E-9
15.3861E+0,-954.1159E-9
15.4040E+0,-954.0112E-9
15.4219E+0,-953.8227E-9
15.4399E+0,-953.6133E-9
15.4578E+0,-953.6342E-9
15.4757E+0,-953.4667E-9
15.4936E+0,-953.5086E-9
15.5116E+0,-953.2363E-9
15.5295E+0,-953.3410E-9
15.5474E+0,-952.9850E-9
15.5653E+0,-953.1106E-9
15.5832E+0,-953.2154E-9
15.6011E+0,-952.9012E-9
15.6191E+0,-952.8175E-9
15.6370E+0,-952.6709E-9
15.6549E+0,-952.5661E-9
15.6728E+0,-952.5243E-9
15.6908E+0,-952.1892E-9
15.7087E+0,-952.2730E-9
15.7266E+0,-952.1892E-9
15.7445E+0,-952.0636E-9
15.7624E+0,-952.0217E-9
15.7804E+0,-951.7075E-9
15.7982E+0,-951.7494E-9
15.8162E+0,-951.6028E-9
15.8341E+0,-951.5819E-9
15.8520E+0,-951.2677E-9
15.8699E+0,-951.1212E-9
15.8878E+0,-951.0792E-9
15.9057E+0,-951.1630E-9
15.9236E+0,-951.0792E-9
15.9415E+0,-950.7232E-9
15.9594E+0,-950.7652E-9
15.9774E+0,-950.8490E-9
15.9953E+0,-950.6814E-9
16.0132E+0,-950.3673E-9
16.0311E+0,-950.3881E-9
16.0490E+0,-950.1369E-9
16.0669E+0,-950.0113E-9
16.0849E+0,-950.0951E-9
16.1027E+0,-949.8228E-9
16.1207E+0,-949.7808E-9
16.1386E+0,-949.5296E-9
16.1565E+0,-949.4876E-9
16.1744E+0,-949.2783E-9
16.1924E+0,-949.4248E-9
16.2103E+0,-949.2574E-9
16.2282E+0,-949.1526E-9
16.2462E+0,-948.9641E-9
16.2641E+0,-949.1317E-9
16.2820E+0,-948.8803E-9
16.2999E+0,-948.6709E-9
16.3178E+0,-948.4825E-9
16.3358E+0,-948.5034E-9
16.3537E+0,-948.4615E-9
16.3716E+0,-948.1893E-9
16.3895E+0,-948.2102E-9
16.4074E+0,-948.1474E-9
16.4254E+0,-948.0008E-9
16.4433E+0,-947.7495E-9
16.4612E+0,-947.9799E-9
16.4792E+0,-947.7076E-9
16.4971E+0,-947.5191E-9
16.5150E+0,-947.3935E-9
16.5329E+0,-947.4772E-9
16.5508E+0,-947.1840E-9
16.5687E+0,-947.1212E-9
16.5866E+0,-947.3726E-9
16.6045E+0,-947.2678E-9
16.6225E+0,-947.0165E-9
16.6404E+0,-946.8280E-9
16.6583E+0,-946.8699E-9
16.6762E+0,-946.7652E-9
16.6941E+0,-946.7652E-9
16.7121E+0,-946.4721E-9
16.7300E+0,-946.3673E-9
16.7479E+0,-946.2626E-9
16.7658E+0,-945.9904E-9
16.7837E+0,-946.1788E-9
16.8016E+0,-946.0742E-9
16.8195E+0,-946.0114E-9
16.8374E+0,-945.7600E-9
16.8553E+0,-945.7181E-9
16.8733E+0,-945.7390E-9
16.8912E+0,-945.8020E-9
16.9091E+0,-945.2365E-9
16.9270E+0,-945.2993E-9
16.9449E+0,-945.3831E-9
16.9628E+0,-945.2993E-9
16.9807E+0,-945.2365E-9
16.9986E+0,-944.8386E-9
17.0165E+0,-944.7548E-9
17.0345E+0,-944.5035E-9
17.0524E+0,-944.5664E-9
17.0703E+0,-944.3988E-9
17.0882E+0,-944.3569E-9
17.1061E+0,-944.1055E-9
17.1240E+0,-944.2941E-9
17.1420E+0,-944.1265E-9
17.1599E+0,-944.1055E-9
17.1778E+0,-943.8961E-9
17.1957E+0,-943.6868E-9
17.2137E+0,-943.8543E-9
17.2316E+0,-943.6449E-9
17.2495E+0,-943.4145E-9
17.2675E+0,-943.3936E-9
17.2854E+0,-942.9957E-9
17.3033E+0,-943.2888E-9
17.3212E+0,-942.9538E-9
17.3391E+0,-943.0585E-9
17.3570E+0,-942.6606E-9
17.3750E+0,-942.8700E-9
17.3929E+0,-942.3674E-9
17.4108E+0,-942.5978E-9
17.4288E+0,-942.3464E-9
17.4467E+0,-942.2627E-9
17.4646E+0,-942.4512E-9
17.4825E+0,-942.1580E-9
17.5004E+0,-942.1998E-9
17.5183E+0,-942.0951E-9
17.5363E+0,-941.8229E-9
17.5542E+0,-941.6135E-9
17.5721E+0,-941.4459E-9
17.5900E+0,-941.3622E-9
17.6079E+0,-941.3412E-9
17.6258E+0,-941.5297E-9
17.6437E+0,-941.5717E-9
17.6617E+0,-941.1737E-9
17.6796E+0,-941.1528E-9
17.6975E+0,-940.9224E-9
17.7154E+0,-940.8386E-9
17.7333E+0,-940.6920E-9
17.7512E+0,-940.5455E-9
17.7692E+0,-940.3989E-9
17.7871E+0,-940.3569E-9
17.8050E+0,-940.3779E-9
17.8229E+0,-940.2104E-9
17.8408E+0,-940.2523E-9
17.8587E+0,-939.9590E-9
17.8766E+0,-939.7916E-9
17.8945E+0,-939.4984E-9
17.9124E+0,-939.5402E-9
17.9303E+0,-939.4146E-9
17.9482E+0,-939.3518E-9
17.9661E+0,-939.4356E-9
17.9840E+0,-939.2680E-9
18.0019E+0,-939.1633E-9
18.0198E+0,-938.9748E-9
18.0378E+0,-938.7654E-9
18.0557E+0,-938.9539E-9
18.0736E+0,-938.8701E-9
18.0915E+0,-938.4512E-9
18.1095E+0,-938.3884E-9
18.1274E+0,-938.3884E-9
18.1453E+0,-938.1790E-9
18.1632E+0,-938.2628E-9
18.1812E+0,-938.0743E-9
18.1991E+0,-938.1162E-9
18.2170E+0,-937.8649E-9
18.2350E+0,-937.8649E-9
18.2529E+0,-937.7183E-9
18.2708E+0,-937.5298E-9
18.2887E+0,-937.5717E-9
18.3066E+0,-937.2156E-9
18.3246E+0,-937.3413E-9
18.3425E+0,-937.1738E-9
18.3604E+0,-937.0272E-9
18.3783E+0,-936.8806E-9
18.3962E+0,-936.7759E-9
18.4142E+0,-936.8597E-9
18.4321E+0,-936.6293E-9
18.4500E+0,-936.5246E-9
18.4679E+0,-936.3361E-9
18.4858E+0,-936.4408E-9
18.5037E+0,-936.1476E-9
18.5217E+0,-936.3152E-9
18.5396E+0,-936.1058E-9
18.5575E+0,-935.8964E-9
18.5754E+0,-935.9802E-9
18.5933E+0,-935.5821E-9
18.6112E+0,-935.6659E-9
18.6292E+0,-935.3099E-9
18.6471E+0,-935.5821E-9
18.6650E+0,-935.4147E-9
18.6829E+0,-935.4985E-9
18.7008E+0,-935.2681E-9
18.7187E+0,-935.1843E-9
18.7366E+0,-935.1634E-9
18.7545E+0,-934.9748E-9
18.7725E+0,-934.6817E-9
18.7904E+0,-934.6608E-9
18.8083E+0,-934.7445E-9
18.8262E+0,-934.5770E-9
18.8441E+0,-934.5770E-9
18.8620E+0,-934.3466E-9
18.8799E+0,-934.4095E-9
18.8978E+0,-934.2209E-9
18.9157E+0,-934.3257E-9
18.9336E+0,-934.0534E-9
18.9516E+0,-933.9068E-9
18.9694E+0,-933.7602E-9
18.9874E+0,-933.6346E-9
19.0053E+0,-933.4670E-9
19.0232E+0,-933.6346E-9
19.0411E+0,-933.1948E-9
19.0591E+0,-933.2995E-9
19.0770E+0,-933.2786E-9
19.0949E+0,-933.0691E-9
19.1128E+0,-933.0273E-9
19.1308E+0,-932.8388E-9
19.1487E+0,-932.6922E-9
19.1666E+0,-932.6922E-9
19.1846E+0,-932.4618E-9
19.2025E+0,-932.3990E-9
19.2204E+0,-932.1267E-9
19.2383E+0,-932.2943E-9
19.2562E+0,-932.1058E-9
19.2742E+0,-932.0221E-9
19.2921E+0,-931.8755E-9
19.3100E+0,-931.7499E-9
19.3279E+0,-931.7499E-9
19.3459E+0,-931.7289E-9
19.3638E+0,-931.5194E-9
19.3817E+0,-931.5613E-9
19.3996E+0,-931.2890E-9
19.4175E+0,-931.2890E-9
19.4355E+0,-931.0796E-9
19.4534E+0,-931.0796E-9
19.4713E+0,-930.8075E-9
19.4892E+0,-930.7027E-9
19.5071E+0,-930.7237E-9
19.5251E+0,-930.5980E-9
19.5430E+0,-931.6451E-9
19.5609E+0,-931.7707E-9
19.5788E+0,-931.7707E-9
19.5967E+0,-931.1844E-9
19.6146E+0,-930.6817E-9
19.6325E+0,-929.8650E-9
19.6504E+0,-929.1739E-9
19.6684E+0,-928.3781E-9
19.6863E+0,-926.4306E-9
19.7042E+0,-925.4044E-9
19.7221E+0,-924.9227E-9
19.7400E+0,-924.5457E-9
19.7579E+0,-924.1898E-9
19.7759E+0,-924.0222E-9
19.7938E+0,-924.5457E-9
19.8117E+0,-924.2526E-9
19.8296E+0,-923.8547E-9
19.8475E+0,-923.1426E-9
19.8654E+0,-922.5144E-9
19.8833E+0,-920.7553E-9
19.9012E+0,-919.7919E-9
19.9191E+0,-919.1846E-9
19.9371E+0,-918.4307E-9
19.9550E+0,-918.0956E-9
19.9728E+0,-918.1166E-9
19.9908E+0,-918.3679E-9
20.0087E+0,-918.0956E-9
20.0266E+0,-917.8024E-9
20.0445E+0,-917.2579E-9
20.0624E+0,-916.4622E-9
20.0803E+0,-914.8496E-9
20.0983E+0,-913.4674E-9
20.1162E+0,-912.9648E-9
20.1341E+0,-912.3575E-9
20.1520E+0,-911.9386E-9
20.1699E+0,-911.6874E-9
20.1878E+0,-912.3157E-9
20.2058E+0,-911.9596E-9
20.2237E+0,-911.4780E-9
20.2416E+0,-910.9753E-9
20.2595E+0,-910.1586E-9
20.2774E+0,-908.8602E-9
20.2954E+0,-907.3733E-9
20.3133E+0,-906.7660E-9
20.3312E+0,-906.1587E-9
20.3491E+0,-905.9911E-9
20.3670E+0,-905.5304E-9
20.3850E+0,-906.3053E-9
20.4029E+0,-906.0540E-9
20.4208E+0,-905.6561E-9
20.4387E+0,-904.9650E-9
20.4566E+0,-904.1692E-9
20.4745E+0,-903.3315E-9
20.4925E+0,-901.7190E-9
20.5104E+0,-900.6300E-9
20.5283E+0,-900.1064E-9
20.5462E+0,-899.7923E-9
20.5641E+0,-899.3106E-9
20.5821E+0,-899.9180E-9
20.6000E+0,-899.7086E-9
20.6179E+0,-899.5620E-9
20.6358E+0,-898.9547E-9
20.6537E+0,-897.9703E-9
20.6716E+0,-897.2584E-9
20.6896E+0,-895.4364E-9
20.7075E+0,-894.6616E-9
20.7254E+0,-894.0543E-9
20.7433E+0,-893.7191E-9
20.7612E+0,-893.3422E-9
20.7792E+0,-893.5726E-9
20.7971E+0,-893.7820E-9
20.8150E+0,-893.4050E-9
20.8329E+0,-892.7139E-9
20.8509E+0,-891.8134E-9
20.8687E+0,-891.1014E-9
20.8866E+0,-889.2795E-9
20.9046E+0,-888.5464E-9
20.9225E+0,-888.0647E-9
20.9404E+0,-887.4994E-9
20.9583E+0,-887.2480E-9
20.9762E+0,-887.2480E-9
20.9941E+0,-887.5622E-9
21.0120E+0,-887.2271E-9
21.0300E+0,-886.4941E-9
21.0479E+0,-885.9287E-9
21.0658E+0,-885.3004E-9
21.0837E+0,-883.5204E-9
21.1016E+0,-882.6408E-9
21.1195E+0,-881.7613E-9
21.1375E+0,-881.4052E-9
21.1554E+0,-881.1539E-9
21.1733E+0,-880.6932E-9
21.1912E+0,-881.5937E-9
21.2091E+0,-881.2586E-9
21.2270E+0,-880.5885E-9
21.2449E+0,-880.0230E-9
21.2628E+0,-879.3739E-9
21.2807E+0,-877.8451E-9
21.2987E+0,-876.9446E-9
21.3166E+0,-876.1488E-9
21.3345E+0,-875.6671E-9
21.3524E+0,-875.5414E-9
21.3703E+0,-875.0388E-9
21.3882E+0,-875.7091E-9
21.4062E+0,-875.5833E-9
21.4241E+0,-875.0598E-9
21.4420E+0,-874.3687E-9
21.4599E+0,-873.8870E-9
21.4778E+0,-872.2327E-9
21.4957E+0,-870.9971E-9
21.5136E+0,-870.4316E-9
21.5315E+0,-869.9918E-9
21.5495E+0,-869.4683E-9
21.5674E+0,-869.3008E-9
21.5853E+0,-870.0338E-9
21.6032E+0,-869.8453E-9
21.6211E+0,-869.0704E-9
21.6390E+0,-868.6725E-9
21.6570E+0,-867.9814E-9
21.6749E+0,-866.9134E-9
21.6928E+0,-865.1542E-9
21.7107E+0,-864.5469E-9
21.7286E+0,-863.8978E-9
21.7465E+0,-863.5207E-9
21.7645E+0,-863.2695E-9
21.7824E+0,-863.9606E-9
21.8003E+0,-863.7093E-9
21.8182E+0,-863.3742E-9
21.8361E+0,-862.9553E-9
21.8541E+0,-861.9920E-9
21.8720E+0,-861.3637E-9
21.8899E+0,-859.5418E-9
21.9078E+0,-858.5785E-9
21.9257E+0,-858.2434E-9
21.9437E+0,-857.8455E-9
21.9616E+0,-857.4685E-9
21.9795E+0,-858.1177E-9
21.9974E+0,-858.0549E-9
22.0154E+0,-857.9292E-9
22.0333E+0,-856.9868E-9
22.0512E+0,-856.2121E-9
22.0691E+0,-855.6256E-9
22.0870E+0,-854.0759E-9
22.1049E+0,-853.0707E-9
22.1229E+0,-852.6309E-9
22.1408E+0,-852.2958E-9
22.1587E+0,-852.0446E-9
22.1766E+0,-852.1702E-9
22.1946E+0,-852.2749E-9
22.2125E+0,-852.1492E-9
22.2304E+0,-851.6467E-9
22.2483E+0,-850.8090E-9
22.2662E+0,-850.0969E-9
22.2842E+0,-848.6938E-9
22.3021E+0,-847.6887E-9
22.3200E+0,-847.0813E-9
22.3379E+0,-846.8300E-9
22.3559E+0,-846.3903E-9
22.3738E+0,-846.2437E-9
22.3917E+0,-846.7671E-9
22.4096E+0,-846.4531E-9
22.4275E+0,-845.9714E-9
22.4455E+0,-845.5107E-9
22.4634E+0,-844.6939E-9
22.4813E+0,-843.1861E-9
22.4992E+0,-842.3274E-9
22.5171E+0,-841.7621E-9
22.5351E+0,-841.0500E-9
22.5530E+0,-840.9452E-9
22.5709E+0,-840.6521E-9
22.5888E+0,-841.5317E-9
22.6068E+0,-841.1966E-9
22.6247E+0,-840.5474E-9
22.6426E+0,-840.2123E-9
22.6605E+0,-839.6050E-9
22.6784E+0,-838.2437E-9
22.6963E+0,-836.7779E-9
22.7142E+0,-836.0868E-9
22.7322E+0,-835.8774E-9
22.7501E+0,-835.5213E-9
22.7680E+0,-835.0606E-9
22.7860E+0,-835.6470E-9
22.8039E+0,-835.6051E-9
22.8218E+0,-835.3119E-9
22.8397E+0,-834.7674E-9
22.8576E+0,-834.1182E-9
22.8755E+0,-833.1339E-9
22.8935E+0,-831.7517E-9
22.9114E+0,-831.1026E-9
22.9293E+0,-830.6628E-9
22.9472E+0,-830.3277E-9
22.9652E+0,-829.9088E-9
22.9831E+0,-830.5790E-9
23.0010E+0,-830.5581E-9
23.0189E+0,-830.0345E-9
23.0368E+0,-829.4900E-9
23.0548E+0,-829.1130E-9
23.0727E+0,-828.1497E-9
23.0906E+0,-826.5163E-9
23.1085E+0,-825.9508E-9
23.1264E+0,-825.2388E-9
23.1443E+0,-825.0503E-9
23.1622E+0,-824.7153E-9
23.1802E+0,-825.0922E-9
23.1981E+0,-825.3854E-9
23.2160E+0,-824.9037E-9
23.2340E+0,-824.2545E-9
23.2519E+0,-823.6472E-9
23.2698E+0,-823.2075E-9
23.2877E+0,-821.2389E-9
23.3056E+0,-820.4850E-9
23.3235E+0,-820.2127E-9
23.3415E+0,-819.6891E-9
23.3594E+0,-819.2703E-9
23.3773E+0,-819.8776E-9
23.3952E+0,-820.1080E-9
23.4131E+0,-819.6683E-9
23.4310E+0,-819.2494E-9
23.4490E+0,-818.6839E-9
23.4669E+0,-817.9300E-9
23.4848E+0,-816.2756E-9
23.5027E+0,-815.5426E-9
23.5206E+0,-814.9981E-9
23.5386E+0,-814.7469E-9
23.5565E+0,-814.5374E-9
23.5744E+0,-814.0976E-9
23.5923E+0,-815.0610E-9
23.6103E+0,-814.6421E-9
23.6282E+0,-814.2652E-9
23.6461E+0,-813.5741E-9
23.6640E+0,-812.9878E-9
23.6819E+0,-811.4799E-9
23.6999E+0,-810.4537E-9
23.7178E+0,-809.8673E-9
23.7357E+0,-809.6789E-9
23.7536E+0,-809.1762E-9
23.7715E+0,-809.1554E-9
23.7895E+0,-809.9093E-9
23.8074E+0,-809.6579E-9
23.8253E+0,-809.0925E-9
23.8433E+0,-808.5689E-9
23.8612E+0,-808.0872E-9
23.8791E+0,-806.6842E-9
23.8970E+0,-805.7837E-9
23.9149E+0,-805.1554E-9
23.9328E+0,-804.6947E-9
23.9507E+0,-804.4224E-9
23.9686E+0,-804.0245E-9
23.9866E+0,-805.0089E-9
24.0045E+0,-804.6318E-9
24.0224E+0,-804.4015E-9
24.0403E+0,-803.9617E-9
24.0583E+0,-803.0822E-9
24.0762E+0,-801.9722E-9
24.0941E+0,-801.0089E-9
24.1120E+0,-800.1921E-9
24.1299E+0,-799.7524E-9
24.1478E+0,-799.5848E-9
24.1657E+0,-799.1451E-9
24.1837E+0,-799.8152E-9
24.2016E+0,-799.8570E-9
24.2195E+0,-799.5220E-9
24.2374E+0,-799.0822E-9
24.2553E+0,-798.4330E-9
24.2732E+0,-797.4907E-9
24.2911E+0,-795.8572E-9
24.3091E+0,-795.3545E-9
24.3269E+0,-794.7472E-9
24.3449E+0,-794.7472E-9
24.3628E+0,-794.3075E-9
24.3807E+0,-794.8100E-9
24.3986E+0,-794.9566E-9
24.4165E+0,-794.6634E-9
24.4344E+0,-794.1609E-9
24.4524E+0,-793.4908E-9
24.4703E+0,-792.6739E-9
24.4882E+0,-790.8939E-9
24.5061E+0,-790.3703E-9
24.5240E+0,-789.9515E-9
24.5419E+0,-789.7420E-9
24.5598E+0,-789.6584E-9
24.5777E+0,-789.9724E-9
24.5957E+0,-790.2029E-9
24.6136E+0,-789.9306E-9
24.6315E+0,-789.3861E-9
24.6494E+0,-788.7579E-9
24.6673E+0,-788.1924E-9
24.6852E+0,-786.7683E-9
24.7032E+0,-785.7212E-9
24.7211E+0,-785.2605E-9
24.7390E+0,-784.9464E-9
24.7569E+0,-784.9044E-9
24.7748E+0,-784.8208E-9
24.7927E+0,-785.5119E-9
24.8106E+0,-785.2396E-9
24.8285E+0,-784.7370E-9
24.8464E+0,-784.0669E-9
24.8644E+0,-783.4595E-9
24.8823E+0,-782.0145E-9
24.9002E+0,-781.2187E-9
24.9181E+0,-780.7579E-9
24.9360E+0,-780.2763E-9
24.9540E+0,-780.0668E-9
24.9719E+0,-779.8994E-9
24.9898E+0,-780.6742E-9
25.0077E+0,-780.5277E-9
25.0256E+0,-780.0668E-9
25.0435E+0,-779.5433E-9
25.0615E+0,-778.8523E-9
25.0793E+0,-777.4282E-9
25.0973E+0,-776.5067E-9
25.1152E+0,-776.0670E-9
25.1331E+0,-775.6481E-9
25.1510E+0,-775.2711E-9
25.1689E+0,-775.1874E-9
25.1868E+0,-775.8156E-9
25.2048E+0,-775.7110E-9
25.2227E+0,-775.4178E-9
25.2406E+0,-775.0199E-9
25.2585E+0,-774.3916E-9
25.2764E+0,-773.1560E-9
25.2944E+0,-771.9833E-9
25.3123E+0,-771.3341E-9
25.3302E+0,-771.0827E-9
25.3481E+0,-770.7687E-9
25.3660E+0,-770.6011E-9
25.3839E+0,-771.1875E-9
25.4019E+0,-771.1875E-9
25.4198E+0,-770.9990E-9
25.4377E+0,-770.4126E-9
25.4557E+0,-769.9101E-9
25.4736E+0,-768.8211E-9
25.4915E+0,-767.6483E-9
25.5094E+0,-766.9991E-9
25.5273E+0,-766.5593E-9
25.5452E+0,-766.2871E-9
25.5632E+0,-765.9729E-9
25.5811E+0,-766.5174E-9
25.5990E+0,-766.4127E-9
25.6169E+0,-766.1823E-9
25.6348E+0,-765.7845E-9
25.6528E+0,-765.3447E-9
25.6707E+0,-764.9259E-9
25.6886E+0,-763.0201E-9
25.7065E+0,-762.6222E-9
25.7244E+0,-761.9520E-9
25.7424E+0,-761.7008E-9
25.7603E+0,-761.4076E-9
25.7782E+0,-761.9101E-9
25.7961E+0,-762.2243E-9
25.8140E+0,-762.0987E-9
25.8319E+0,-761.4076E-9
25.8499E+0,-760.9678E-9
25.8678E+0,-760.4652E-9
25.8857E+0,-758.9155E-9
25.9037E+0,-758.1197E-9
25.9216E+0,-757.5542E-9
25.9395E+0,-757.1563E-9
25.9574E+0,-756.8213E-9
25.9753E+0,-757.3448E-9
25.9932E+0,-757.7008E-9
26.0111E+0,-757.3239E-9
26.0290E+0,-756.9678E-9
26.0469E+0,-756.5281E-9
26.0648E+0,-756.0046E-9
26.0827E+0,-754.4967E-9
26.1007E+0,-753.7637E-9
26.1186E+0,-753.1145E-9
26.1365E+0,-752.9889E-9
26.1544E+0,-752.6747E-9
26.1723E+0,-752.6119E-9
26.1902E+0,-753.4496E-9
26.2081E+0,-753.2402E-9
26.2261E+0,-752.7794E-9
26.2440E+0,-752.2350E-9
26.2619E+0,-751.7743E-9
26.2798E+0,-750.2665E-9
26.2977E+0,-749.6382E-9
26.3157E+0,-748.6958E-9
26.3335E+0,-748.8005E-9
26.3515E+0,-748.4654E-9
26.3694E+0,-748.1513E-9
26.3873E+0,-748.9680E-9
26.4052E+0,-748.9471E-9
26.4231E+0,-748.6329E-9
26.4410E+0,-748.0256E-9
26.4590E+0,-747.4602E-9
26.4769E+0,-746.1828E-9
26.4948E+0,-745.4288E-9
26.5127E+0,-744.6330E-9
26.5306E+0,-744.3608E-9
26.5485E+0,-744.0048E-9
26.5665E+0,-743.9001E-9
26.5844E+0,-744.7377E-9
26.6023E+0,-744.6540E-9
26.6202E+0,-744.5074E-9
26.6381E+0,-743.9419E-9
26.6561E+0,-743.6697E-9
26.6740E+0,-742.6017E-9
26.6919E+0,-741.1358E-9
26.7098E+0,-740.5284E-9
26.7277E+0,-740.1305E-9
26.7456E+0,-739.8164E-9
26.7635E+0,-739.5232E-9
26.7814E+0,-740.2771E-9
26.7993E+0,-740.3190E-9
26.8172E+0,-740.2562E-9
26.8351E+0,-739.7745E-9
26.8530E+0,-739.3975E-9
26.8710E+0,-738.4761E-9
26.8889E+0,-737.0521E-9
26.9068E+0,-736.2353E-9
26.9247E+0,-736.0678E-9
26.9426E+0,-735.4604E-9
26.9605E+0,-735.4604E-9
26.9784E+0,-735.8584E-9
26.9963E+0,-736.0887E-9
27.0142E+0,-735.9631E-9
27.0322E+0,-735.5442E-9
27.0500E+0,-734.8740E-9
27.0680E+0,-734.5809E-9
27.0859E+0,-732.9683E-9
27.1037E+0,-732.2773E-9
27.1217E+0,-731.7328E-9
27.1396E+0,-731.5443E-9
27.1575E+0,-730.9998E-9
27.1754E+0,-731.7746E-9
27.1933E+0,-731.9841E-9
27.2112E+0,-731.7118E-9
27.2291E+0,-731.4815E-9
27.2471E+0,-731.1883E-9
27.2650E+0,-730.5810E-9
27.2829E+0,-728.8218E-9
27.3008E+0,-728.1098E-9
27.3187E+0,-727.8585E-9
27.3366E+0,-727.4397E-9
27.3545E+0,-727.2931E-9
27.3724E+0,-727.4606E-9
27.3903E+0,-727.9004E-9
27.4082E+0,-727.9004E-9
27.4261E+0,-727.4187E-9
27.4440E+0,-726.8742E-9
27.4618E+0,-726.4763E-9
27.4798E+0,-724.9056E-9
27.4977E+0,-724.1098E-9
27.5156E+0,-723.8167E-9
27.5335E+0,-723.5025E-9
27.5514E+0,-723.0628E-9
27.5693E+0,-722.8534E-9
27.5872E+0,-723.7329E-9
27.6051E+0,-723.5864E-9
27.6229E+0,-723.2931E-9
27.6409E+0,-722.7905E-9
27.6588E+0,-722.4345E-9
27.6766E+0,-721.1152E-9
27.6946E+0,-720.1937E-9
27.7125E+0,-719.6701E-9
27.7304E+0,-719.1675E-9
27.7483E+0,-718.7278E-9
27.7662E+0,-718.8953E-9
27.7841E+0,-719.5655E-9
27.8020E+0,-719.6701E-9
27.8199E+0,-719.3979E-9
27.8378E+0,-718.9791E-9
27.8557E+0,-718.4346E-9
27.8736E+0,-717.5760E-9
27.8915E+0,-716.1519E-9
27.9094E+0,-715.6283E-9
27.9273E+0,-715.3980E-9
27.9452E+0,-715.1676E-9
27.9632E+0,-714.8116E-9
27.9811E+0,-715.6702E-9
27.9990E+0,-715.6493E-9
28.0169E+0,-715.3352E-9
28.0348E+0,-715.0838E-9
28.0527E+0,-714.6860E-9
28.0706E+0,-714.2462E-9
28.0885E+0,-712.4452E-9
28.1064E+0,-711.7541E-9
28.1243E+0,-711.3352E-9
28.1422E+0,-711.0630E-9
28.1601E+0,-710.8117E-9
28.1780E+0,-711.5866E-9
28.1959E+0,-711.9007E-9
28.2138E+0,-711.6703E-9
28.2317E+0,-711.3771E-9
28.2496E+0,-710.7279E-9
28.2675E+0,-710.2044E-9
28.2854E+0,-708.4243E-9
28.3033E+0,-707.8589E-9
28.3212E+0,-707.5029E-9
28.3391E+0,-707.1469E-9
28.3570E+0,-706.6861E-9
28.3749E+0,-707.3772E-9
28.3928E+0,-707.7542E-9
28.4107E+0,-707.7332E-9
28.4286E+0,-707.3982E-9
28.4465E+0,-706.9584E-9
28.4644E+0,-706.3720E-9
28.4823E+0,-704.8851E-9
28.5002E+0,-704.1731E-9
28.5181E+0,-703.5658E-9
28.5360E+0,-703.2517E-9
28.5539E+0,-703.0213E-9
28.5718E+0,-703.3983E-9
28.5897E+0,-703.7542E-9
28.6076E+0,-703.6286E-9
28.6255E+0,-703.4820E-9
28.6435E+0,-702.8328E-9
28.6614E+0,-702.3721E-9
28.6793E+0,-701.0108E-9
28.6972E+0,-700.1941E-9
28.7150E+0,-699.7544E-9
28.7330E+0,-699.5658E-9
28.7509E+0,-699.3983E-9
28.7688E+0,-699.1052E-9
28.7867E+0,-699.9638E-9
28.8046E+0,-700.0475E-9
28.8225E+0,-699.6286E-9
28.8404E+0,-699.3355E-9
28.8583E+0,-698.8747E-9
28.8762E+0,-697.6601E-9
28.8941E+0,-696.5711E-9
28.9120E+0,-696.0057E-9
28.9299E+0,-695.8172E-9
28.9478E+0,-695.4612E-9
28.9657E+0,-695.3565E-9
28.9836E+0,-696.2151E-9
29.0015E+0,-696.2780E-9
29.0194E+0,-695.9847E-9
29.0373E+0,-695.5031E-9
29.0552E+0,-695.1680E-9
29.0731E+0,-694.2885E-9
29.0910E+0,-693.1995E-9
29.1089E+0,-692.3827E-9
29.1268E+0,-692.0477E-9
29.1447E+0,-691.7335E-9
29.1626E+0,-691.4822E-9
29.1805E+0,-692.1733E-9
29.1984E+0,-692.2152E-9
29.2163E+0,-692.0896E-9
29.2342E+0,-691.6288E-9
29.2521E+0,-691.3985E-9
29.2700E+0,-690.9587E-9
29.2879E+0,-689.3252E-9
29.3058E+0,-688.6132E-9
29.3238E+0,-688.2153E-9
29.3417E+0,-688.0059E-9
29.3596E+0,-687.6289E-9
29.3775E+0,-688.2572E-9
29.3954E+0,-688.7389E-9
29.4133E+0,-688.4457E-9
29.4312E+0,-688.3828E-9
29.4491E+0,-687.6917E-9
29.4670E+0,-687.2101E-9
29.4849E+0,-685.7651E-9
29.5028E+0,-684.9902E-9
29.5207E+0,-684.7599E-9
29.5386E+0,-684.2992E-9
29.5565E+0,-683.9641E-9
29.5744E+0,-683.7546E-9
29.5923E+0,-683.8384E-9
29.6102E+0,-683.7546E-9
29.6281E+0,-683.5662E-9
29.6460E+0,-683.3777E-9
29.6640E+0,-683.3358E-9
29.6819E+0,-682.8332E-9
29.6998E+0,-683.0635E-9
29.7177E+0,-683.0845E-9
29.7356E+0,-682.7913E-9
29.7535E+0,-682.6866E-9
29.7715E+0,-682.6447E-9
29.7894E+0,-682.6237E-9
29.8073E+0,-682.4981E-9
29.8252E+0,-682.6028E-9
29.8431E+0,-682.4772E-9
29.8610E+0,-682.2678E-9
29.8789E+0,-682.3725E-9
29.8968E+0,-682.1630E-9
29.9147E+0,-682.1840E-9
29.9326E+0,-682.0583E-9
29.9505E+0,-681.9117E-9
29.9684E+0,-682.1211E-9
29.9863E+0,-682.1630E-9
30.0043E+0,-681.7861E-9
30.0222E+0,-681.7023E-9
30.0401E+0,-681.7861E-9
30.0580E+0,-681.6604E-9
30.0759E+0,-681.6395E-9
30.0938E+0,-681.6395E-9
30.1117E+0,-681.6814E-9
30.1296E+0,-681.5139E-9
30.1475E+0,-681.2625E-9
30.1654E+0,-681.3253E-9
30.1833E+0,-681.4510E-9
30.2013E+0,-681.1369E-9
30.2191E+0,-680.8856E-9
30.2371E+0,-681.2206E-9
30.2550E+0,-681.1159E-9
30.2729E+0,-681.3253E-9
30.2908E+0,-680.8228E-9
30.3087E+0,-680.8647E-9
30.3266E+0,-680.8856E-9
30.3445E+0,-680.6761E-9
30.3624E+0,-680.7809E-9
30.3803E+0,-680.8856E-9
30.3982E+0,-680.8856E-9
30.4161E+0,-680.5714E-9
30.4339E+0,-680.5505E-9
30.4519E+0,-680.3411E-9
30.4698E+0,-680.4249E-9
30.4876E+0,-680.4877E-9
30.5056E+0,-680.4039E-9
30.5235E+0,-680.2574E-9
30.5413E+0,-680.1945E-9
30.5593E+0,-680.1108E-9
30.5772E+0,-680.1317E-9
30.5950E+0,-680.1945E-9
30.6130E+0,-680.0689E-9
30.6308E+0,-680.0898E-9
30.6487E+0,-680.1736E-9
30.6666E+0,-679.7966E-9
30.6845E+0,-679.8385E-9
30.7024E+0,-679.7338E-9
30.7203E+0,-679.8385E-9
30.7382E+0,-679.7338E-9
30.7561E+0,-679.5872E-9
30.7740E+0,-679.4616E-9
30.7919E+0,-679.6081E-9
30.8098E+0,-679.4406E-9
30.8277E+0,-679.4825E-9
30.8456E+0,-679.3987E-9
30.8635E+0,-679.1474E-9
30.8814E+0,-679.0427E-9
30.8993E+0,-679.2312E-9
30.9172E+0,-679.0846E-9
30.9351E+0,-679.1684E-9
30.9530E+0,-678.9170E-9
30.9709E+0,-678.9799E-9
30.9888E+0,-678.9589E-9
31.0067E+0,-678.8961E-9
31.0246E+0,-678.8123E-9
31.0425E+0,-678.8123E-9
31.0604E+0,-678.8333E-9
31.0783E+0,-678.6448E-9
31.0962E+0,-678.7286E-9
31.1141E+0,-678.7286E-9
31.1320E+0,-678.5820E-9
31.1499E+0,-678.4144E-9
31.1678E+0,-678.5820E-9
31.1857E+0,-678.3935E-9
31.2036E+0,-678.5401E-9
31.2215E+0,-678.3097E-9
31.2395E+0,-678.3516E-9
31.2574E+0,-678.2469E-9
31.2753E+0,-678.2259E-9
31.2932E+0,-678.0165E-9
31.3111E+0,-678.1841E-9
31.3290E+0,-677.9537E-9
31.3469E+0,-677.8280E-9
31.3648E+0,-677.8699E-9
31.3827E+0,-677.8699E-9
31.4007E+0,-677.9118E-9
31.4186E+0,-677.4511E-9
31.4365E+0,-677.4302E-9
31.4544E+0,-677.8071E-9
31.4723E+0,-677.5139E-9
31.4902E+0,-677.5767E-9
31.5081E+0,-677.4930E-9
31.5260E+0,-677.5139E-9
31.5440E+0,-677.4511E-9
31.5619E+0,-677.3464E-9
31.5798E+0,-677.5767E-9
31.5977E+0,-677.3673E-9
31.6156E+0,-677.2626E-9
31.6335E+0,-677.2207E-9
31.6514E+0,-677.0950E-9
31.6693E+0,-677.1160E-9
31.6872E+0,-677.1160E-9
31.7051E+0,-676.9903E-9
31.7230E+0,-676.8647E-9
31.7410E+0,-676.9903E-9
31.7589E+0,-676.8019E-9
31.7768E+0,-676.8019E-9
31.7947E+0,-676.8438E-9
31.8126E+0,-676.5925E-9
31.8305E+0,-676.8228E-9
31.8484E+0,-676.6553E-9
31.8663E+0,-676.5296E-9
31.8842E+0,-676.6553E-9
31.9021E+0,-676.5296E-9
31.9201E+0,-676.4249E-9
31.9379E+0,-676.4458E-9
31.9559E+0,-676.3830E-9
31.9738E+0,-676.2155E-9
31.9917E+0,-676.2574E-9
32.0096E+0,-676.1946E-9
32.0275E+0,-676.4040E-9
32.0454E+0,-676.0689E-9
32.0633E+0,-676.0271E-9
32.0812E+0,-675.9643E-9
32.0991E+0,-676.0689E-9
32.1170E+0,-675.8385E-9
32.1349E+0,-675.8805E-9
32.1528E+0,-675.7966E-9
32.1707E+0,-675.6710E-9
32.1886E+0,-675.5873E-9
32.2065E+0,-675.6082E-9
32.2244E+0,-675.6501E-9
32.2423E+0,-675.6082E-9
32.2602E+0,-675.5035E-9
32.2781E+0,-675.5663E-9
32.2960E+0,-675.5244E-9
32.3139E+0,-675.3988E-9
32.3318E+0,-675.1265E-9
32.3497E+0,-675.2522E-9
32.3676E+0,-675.1056E-9
32.3856E+0,-675.1684E-9
32.4035E+0,-674.9381E-9
32.4214E+0,-674.8543E-9
32.4393E+0,-675.0428E-9
32.4572E+0,-674.9799E-9
32.4751E+0,-674.9590E-9
32.4930E+0,-674.7915E-9
32.5109E+0,-674.8543E-9
32.5288E+0,-674.7496E-9
32.5467E+0,-674.7077E-9
32.5646E+0,-674.5821E-9
32.5825E+0,-674.6868E-9
32.6004E+0,-674.5402E-9
32.6183E+0,-674.3517E-9
32.6362E+0,-674.3936E-9
32.6541E+0,-674.3517E-9
32.6719E+0,-674.1842E-9
32.6898E+0,-674.4355E-9
32.7078E+0,-674.4145E-9
32.7256E+0,-674.1423E-9
32.7435E+0,-674.2679E-9
32.7614E+0,-674.3726E-9
32.7793E+0,-674.2051E-9
32.7972E+0,-673.8910E-9
32.8151E+0,-673.9747E-9
32.8330E+0,-673.8910E-9
32.8509E+0,-673.9538E-9
32.8688E+0,-673.8491E-9
32.8867E+0,-673.9538E-9
32.9046E+0,-673.7025E-9
32.9225E+0,-673.7444E-9
32.9404E+0,-673.8072E-9
32.9583E+0,-673.4093E-9
32.9762E+0,-673.4093E-9
32.9941E+0,-673.6606E-9
33.0120E+0,-673.5349E-9
33.0299E+0,-673.3883E-9
33.0477E+0,-673.2208E-9
33.0656E+0,-673.4721E-9
33.0835E+0,-673.1370E-9
33.1014E+0,-673.0114E-9
33.1193E+0,-673.1370E-9
33.1372E+0,-673.2417E-9
33.1551E+0,-672.8857E-9
33.1730E+0,-672.8229E-9
33.1909E+0,-672.9276E-9
33.2088E+0,-672.8438E-9
33.2268E+0,-672.8019E-9
33.2447E+0,-672.7810E-9
33.2626E+0,-672.5507E-9
33.2805E+0,-672.6554E-9
33.2984E+0,-672.6344E-9
33.3163E+0,-672.5716E-9
33.3343E+0,-672.4460E-9
33.3522E+0,-672.5925E-9
33.3701E+0,-672.2784E-9
33.3880E+0,-672.1318E-9
33.4059E+0,-672.1946E-9
33.4238E+0,-672.1318E-9
33.4417E+0,-672.1527E-9
33.4596E+0,-672.1318E-9
33.4775E+0,-671.9015E-9
33.4955E+0,-671.9852E-9
33.5133E+0,-671.8177E-9
33.5313E+0,-671.7340E-9
33.5492E+0,-671.6082E-9
33.5671E+0,-671.5245E-9
33.5850E+0,-671.6921E-9
33.6029E+0,-671.6292E-9
33.6208E+0,-671.6292E-9
33.6387E+0,-671.4198E-9
33.6566E+0,-671.2732E-9
33.6745E+0,-671.6292E-9
33.6925E+0,-671.1895E-9
33.7104E+0,-671.1895E-9
33.7283E+0,-671.3570E-9
33.7462E+0,-671.1685E-9
33.7641E+0,-671.2313E-9
33.7820E+0,-671.0638E-9
33.7999E+0,-671.6711E-9
33.8178E+0,-672.0899E-9
33.8357E+0,-672.3412E-9
33.8537E+0,-671.9224E-9
33.8715E+0,-671.8596E-9
33.8895E+0,-671.4617E-9
33.9074E+0,-671.0848E-9
33.9253E+0,-670.6450E-9
33.9432E+0,-669.1790E-9
33.9611E+0,-668.3413E-9
33.9790E+0,-667.8387E-9
33.9969E+0,-667.4617E-9
34.0148E+0,-667.0429E-9
34.0327E+0,-666.9173E-9
34.0506E+0,-667.9015E-9
34.0685E+0,-667.9643E-9
34.0864E+0,-667.6502E-9
34.1044E+0,-667.4198E-9
34.1223E+0,-666.9592E-9
34.1402E+0,-665.9539E-9
34.1581E+0,-664.6974E-9
34.1760E+0,-664.1529E-9
34.1939E+0,-663.7550E-9
34.2118E+0,-663.4409E-9
34.2297E+0,-663.0848E-9
34.2476E+0,-664.1320E-9
34.2655E+0,-663.9644E-9
34.2834E+0,-663.9225E-9
34.3013E+0,-663.6503E-9
34.3192E+0,-663.1477E-9
34.3371E+0,-662.5613E-9
34.3550E+0,-661.2420E-9
34.3729E+0,-660.5090E-9
34.3908E+0,-660.2787E-9
34.4087E+0,-659.9017E-9
34.4266E+0,-659.5876E-9
34.4445E+0,-660.4253E-9
34.4624E+0,-660.5719E-9
34.4803E+0,-660.4672E-9
34.4982E+0,-660.2158E-9
34.5161E+0,-659.7342E-9
34.5340E+0,-659.2525E-9
34.5519E+0,-657.6819E-9
34.5698E+0,-656.9698E-9
34.5877E+0,-656.5719E-9
34.6056E+0,-656.3625E-9
34.6235E+0,-656.0693E-9
34.6414E+0,-656.6138E-9
34.6593E+0,-656.8651E-9
34.6772E+0,-656.6348E-9
34.6952E+0,-656.3416E-9
34.7131E+0,-656.0693E-9
34.7310E+0,-655.4829E-9
34.7489E+0,-654.2683E-9
34.7668E+0,-653.5563E-9
34.7847E+0,-653.0537E-9
34.8026E+0,-652.5510E-9
34.8205E+0,-652.5510E-9
34.8384E+0,-652.6348E-9
34.8563E+0,-653.2630E-9
34.8742E+0,-653.1584E-9
34.8921E+0,-652.9908E-9
34.9100E+0,-652.6557E-9
34.9279E+0,-652.2370E-9
34.9458E+0,-650.7501E-9
34.9637E+0,-650.0799E-9
34.9816E+0,-649.4935E-9
34.9995E+0,-649.1375E-9
35.0174E+0,-648.9699E-9
35.0353E+0,-648.8024E-9
35.0532E+0,-649.6192E-9
35.0711E+0,-649.6192E-9
35.0890E+0,-649.3260E-9
35.1069E+0,-648.9490E-9
35.1248E+0,-648.6977E-9
35.1427E+0,-647.3784E-9
35.1606E+0,-646.2685E-9
35.1785E+0,-646.0172E-9
35.1964E+0,-645.6611E-9
35.2143E+0,-645.3051E-9
35.2322E+0,-645.2213E-9
35.2502E+0,-646.1847E-9
35.2681E+0,-646.2475E-9
35.2860E+0,-645.9543E-9
35.3039E+0,-645.7868E-9
35.3218E+0,-645.3679E-9
35.3397E+0,-644.3627E-9
35.3577E+0,-643.1481E-9
35.3755E+0,-642.6455E-9
35.3935E+0,-642.3105E-9
35.4114E+0,-641.8916E-9
35.4292E+0,-641.7660E-9
35.4471E+0,-642.6664E-9
35.4650E+0,-642.6874E-9
35.4829E+0,-642.6455E-9
35.5008E+0,-642.3105E-9
35.5187E+0,-642.0382E-9
35.5366E+0,-641.4937E-9
35.5545E+0,-639.9649E-9
35.5724E+0,-639.2947E-9
35.5903E+0,-638.8131E-9
35.6082E+0,-638.6874E-9
35.6261E+0,-638.4361E-9
35.6440E+0,-639.2110E-9
35.6620E+0,-639.2738E-9
35.6799E+0,-639.2947E-9
35.6977E+0,-639.0016E-9
35.7157E+0,-638.9388E-9
35.7336E+0,-638.2686E-9
35.7515E+0,-636.7817E-9
35.7694E+0,-636.0069E-9
35.7873E+0,-635.6299E-9
35.8052E+0,-635.3367E-9
35.8231E+0,-635.3577E-9
35.8410E+0,-635.6508E-9
35.8589E+0,-636.1325E-9
35.8768E+0,-636.0069E-9
35.8947E+0,-635.8393E-9
35.9126E+0,-635.5252E-9
35.9305E+0,-635.1692E-9
35.9484E+0,-633.6613E-9
35.9663E+0,-632.8446E-9
35.9842E+0,-632.6143E-9
36.0021E+0,-632.2792E-9
36.0200E+0,-631.8394E-9
36.0379E+0,-632.2792E-9
36.0558E+0,-632.8656E-9
36.0737E+0,-632.9912E-9
36.0917E+0,-632.5096E-9
36.1095E+0,-632.2373E-9
36.1274E+0,-631.7766E-9
36.1454E+0,-630.6038E-9
36.1632E+0,-629.8709E-9
36.1811E+0,-629.2426E-9
36.1991E+0,-628.9494E-9
36.2169E+0,-628.6353E-9
36.2349E+0,-628.4887E-9
36.2528E+0,-629.4939E-9
36.2707E+0,-629.5776E-9
36.2886E+0,-629.3892E-9
36.3065E+0,-629.0960E-9
36.3244E+0,-628.5934E-9
36.3423E+0,-627.6301E-9
36.3602E+0,-626.5411E-9
36.3781E+0,-626.3107E-9
36.3960E+0,-625.7872E-9
36.4139E+0,-625.5987E-9
36.4318E+0,-625.4521E-9
36.4498E+0,-626.4364E-9
36.4677E+0,-626.5201E-9
36.4855E+0,-626.3945E-9
36.5035E+0,-626.2479E-9
36.5214E+0,-625.8919E-9
36.5393E+0,-625.0961E-9
36.5572E+0,-623.7977E-9
36.5751E+0,-623.2532E-9
36.5930E+0,-622.7925E-9
36.6109E+0,-622.6040E-9
36.6288E+0,-622.4574E-9
36.6467E+0,-623.1904E-9
36.6646E+0,-623.6511E-9
36.6825E+0,-623.2741E-9
36.7004E+0,-623.0229E-9
36.7183E+0,-622.7925E-9
36.7362E+0,-622.2061E-9
36.7541E+0,-620.7611E-9
36.7720E+0,-620.0281E-9
36.7899E+0,-619.7978E-9
36.8078E+0,-619.5674E-9
36.8257E+0,-619.2533E-9
36.8436E+0,-619.9863E-9
36.8615E+0,-620.3632E-9
36.8794E+0,-620.2375E-9
36.8973E+0,-620.0491E-9
36.9152E+0,-619.9234E-9
36.9331E+0,-619.4836E-9
36.9510E+0,-617.5779E-9
36.9689E+0,-617.2010E-9
36.9868E+0,-616.9078E-9
37.0047E+0,-616.3004E-9
37.0226E+0,-616.3423E-9
37.0405E+0,-616.7193E-9
37.0584E+0,-617.2219E-9
37.0763E+0,-617.3894E-9
37.0942E+0,-617.2847E-9
37.1121E+0,-616.7402E-9
37.1301E+0,-616.5727E-9
37.1480E+0,-615.0230E-9
37.1659E+0,-614.3110E-9
37.1838E+0,-614.0596E-9
37.2017E+0,-613.6199E-9
37.2196E+0,-613.4523E-9
37.2375E+0,-613.5990E-9
37.2554E+0,-614.4157E-9
37.2733E+0,-614.1225E-9
37.2912E+0,-614.0806E-9
37.3091E+0,-613.7456E-9
37.3270E+0,-613.5990E-9
37.3449E+0,-612.0911E-9
37.3628E+0,-611.3791E-9
37.3807E+0,-610.8346E-9
37.3986E+0,-610.6251E-9
37.4165E+0,-610.3948E-9
37.4344E+0,-610.3110E-9
37.4523E+0,-611.4419E-9
37.4702E+0,-611.3162E-9
37.4881E+0,-611.3162E-9
37.5060E+0,-610.8346E-9
37.5239E+0,-610.6461E-9
37.5418E+0,-609.3268E-9
37.5597E+0,-608.4891E-9
37.5776E+0,-608.0703E-9
37.5955E+0,-607.7352E-9
37.6134E+0,-607.7142E-9
37.6313E+0,-607.3791E-9
37.6493E+0,-608.2797E-9
37.6672E+0,-608.5938E-9
37.6851E+0,-608.4681E-9
37.7030E+0,-608.1750E-9
37.7209E+0,-608.0284E-9
37.7389E+0,-606.9184E-9
37.7568E+0,-605.7666E-9
37.7746E+0,-605.4316E-9
37.7926E+0,-604.8033E-9
37.8105E+0,-604.6567E-9
37.8283E+0,-604.3635E-9
37.8462E+0,-605.2431E-9
37.8642E+0,-605.4525E-9
37.8820E+0,-605.4106E-9
37.8999E+0,-605.3269E-9
37.9178E+0,-605.0336E-9
37.9357E+0,-604.3426E-9
37.9536E+0,-602.8557E-9
37.9716E+0,-602.3950E-9
37.9894E+0,-601.8714E-9
38.0074E+0,-601.7039E-9
38.0253E+0,-601.4525E-9
38.0432E+0,-602.1436E-9
38.0611E+0,-602.5415E-9
38.0790E+0,-602.5415E-9
38.0969E+0,-602.4368E-9
38.1148E+0,-602.1227E-9
38.1327E+0,-601.5363E-9
38.1506E+0,-600.2799E-9
38.1686E+0,-599.3165E-9
38.1865E+0,-599.0652E-9
38.2043E+0,-598.7092E-9
38.2223E+0,-598.5416E-9
38.2402E+0,-599.2537E-9
38.2581E+0,-599.7354E-9
38.2760E+0,-599.6307E-9
38.2939E+0,-599.6097E-9
38.3118E+0,-599.3584E-9
38.3297E+0,-599.1071E-9
38.3476E+0,-597.6830E-9
38.3655E+0,-596.7616E-9
38.3834E+0,-596.3218E-9
38.4013E+0,-596.0496E-9
38.4192E+0,-595.8401E-9
38.4371E+0,-596.0915E-9
38.4550E+0,-596.9710E-9
38.4729E+0,-597.0129E-9
38.4908E+0,-596.7197E-9
38.5087E+0,-596.6568E-9
38.5266E+0,-596.1333E-9
38.5446E+0,-594.8768E-9
38.5624E+0,-594.0810E-9
38.5804E+0,-593.5574E-9
38.5983E+0,-593.2433E-9
38.6161E+0,-593.1595E-9
38.6341E+0,-592.9920E-9
38.6519E+0,-594.1019E-9
38.6698E+0,-594.1019E-9
38.6877E+0,-593.9553E-9
38.7056E+0,-593.7040E-9
38.7235E+0,-593.3899E-9
38.7415E+0,-592.2590E-9
38.7594E+0,-591.5679E-9
38.7773E+0,-590.8769E-9
38.7952E+0,-590.4581E-9
38.8131E+0,-590.3743E-9
38.8310E+0,-590.1858E-9
38.8489E+0,-590.9815E-9
38.8668E+0,-591.2120E-9
38.8847E+0,-591.2538E-9
38.9027E+0,-591.0653E-9
38.9205E+0,-590.6465E-9
38.9385E+0,-589.8298E-9
38.9564E+0,-588.5942E-9
38.9742E+0,-588.1963E-9
38.9921E+0,-587.9031E-9
39.0100E+0,-587.5680E-9
39.0279E+0,-587.3795E-9
39.0458E+0,-588.3010E-9
39.0637E+0,-588.4057E-9
39.0816E+0,-588.5313E-9
39.0995E+0,-588.2172E-9
39.1174E+0,-587.9240E-9
39.1353E+0,-587.3376E-9
39.1532E+0,-585.8927E-9
39.1711E+0,-585.4110E-9
39.1890E+0,-585.1807E-9
39.2069E+0,-584.8456E-9
39.2248E+0,-584.6152E-9
39.2427E+0,-585.4110E-9
39.2606E+0,-585.7042E-9
39.2785E+0,-585.8089E-9
39.2964E+0,-585.5367E-9
39.3143E+0,-585.2854E-9
39.3322E+0,-584.8665E-9
39.3501E+0,-583.2958E-9
39.3680E+0,-582.8980E-9
39.3859E+0,-582.3535E-9
39.4038E+0,-582.1022E-9
39.4217E+0,-581.8508E-9
39.4396E+0,-582.5628E-9
39.4575E+0,-582.9817E-9
39.4754E+0,-583.0236E-9
39.4933E+0,-582.9189E-9
39.5112E+0,-582.6676E-9
39.5291E+0,-582.5000E-9
39.5470E+0,-580.6781E-9
39.5649E+0,-580.1127E-9
39.5829E+0,-579.5891E-9
39.6008E+0,-579.5682E-9
39.6187E+0,-579.4006E-9
39.6366E+0,-579.6310E-9
39.6545E+0,-580.4477E-9
39.6724E+0,-580.5525E-9
39.6903E+0,-580.4059E-9
39.7082E+0,-580.0918E-9
39.7261E+0,-579.8823E-9
39.7440E+0,-578.5420E-9
39.7619E+0,-577.5368E-9
39.7798E+0,-577.2646E-9
39.7977E+0,-576.8876E-9
39.8156E+0,-576.7201E-9
39.8335E+0,-576.5526E-9
39.8514E+0,-577.7672E-9
39.8693E+0,-577.8510E-9
39.8872E+0,-577.6624E-9
39.9051E+0,-577.5996E-9
39.9230E+0,-577.2646E-9
39.9409E+0,-575.9662E-9
39.9588E+0,-575.2960E-9
39.9767E+0,-574.6049E-9
39.9946E+0,-574.1651E-9
40.0125E+0,-574.1232E-9
40.0304E+0,-573.9766E-9
40.0483E+0,-574.8353E-9
40.0662E+0,-575.0866E-9
40.0841E+0,-575.1075E-9
40.1020E+0,-574.8353E-9
40.1199E+0,-574.6887E-9
40.1378E+0,-573.7882E-9
40.1557E+0,-572.6782E-9
40.1736E+0,-572.0709E-9
40.1915E+0,-571.7359E-9
40.2095E+0,-571.5265E-9
40.2274E+0,-571.4427E-9
40.2452E+0,-572.3851E-9
40.2632E+0,-572.6782E-9
40.2811E+0,-572.4898E-9
40.2990E+0,-572.1757E-9
40.3169E+0,-572.1338E-9
40.3348E+0,-571.5265E-9
40.3527E+0,-570.2071E-9
40.3706E+0,-569.4951E-9
40.3885E+0,-569.2228E-9
40.4064E+0,-568.9087E-9
40.4243E+0,-568.6993E-9
40.4422E+0,-569.5160E-9
40.4601E+0,-570.1233E-9
40.4780E+0,-570.1233E-9
40.4959E+0,-569.7464E-9
40.5138E+0,-569.6836E-9
40.5317E+0,-569.2228E-9
40.5496E+0,-567.6941E-9
40.5675E+0,-567.0867E-9
40.5854E+0,-566.6051E-9
40.6033E+0,-566.3957E-9
40.6212E+0,-566.3119E-9
40.6391E+0,-566.9192E-9
40.6570E+0,-567.3172E-9
40.6749E+0,-567.3381E-9
40.6928E+0,-567.3800E-9
40.7107E+0,-567.1286E-9
40.7286E+0,-566.7936E-9
40.7465E+0,-565.2857E-9
40.7644E+0,-564.5318E-9
40.7823E+0,-563.9873E-9
40.8003E+0,-563.9873E-9
40.8182E+0,-563.4847E-9
40.8361E+0,-563.9873E-9
40.8540E+0,-564.7622E-9
40.8719E+0,-564.7831E-9
40.8898E+0,-564.7203E-9
40.9077E+0,-564.5318E-9
40.9256E+0,-564.2805E-9
40.9435E+0,-563.0030E-9
40.9614E+0,-562.1444E-9
40.9793E+0,-561.7047E-9
40.9972E+0,-561.4743E-9
41.0151E+0,-561.3068E-9
41.0330E+0,-561.0555E-9
41.0509E+0,-562.2701E-9
41.0688E+0,-562.2282E-9
41.0867E+0,-562.1235E-9
41.1046E+0,-562.0607E-9
41.1225E+0,-561.8513E-9
41.1404E+0,-560.5110E-9
41.1583E+0,-559.6733E-9
41.1762E+0,-559.3172E-9
41.1941E+0,-559.0241E-9
41.2120E+0,-558.6890E-9
41.2299E+0,-558.4377E-9
41.2478E+0,-559.9036E-9
41.2658E+0,-559.7780E-9
41.2837E+0,-559.6733E-9
41.3016E+0,-559.5267E-9
41.3195E+0,-559.4429E-9
41.3374E+0,-558.4796E-9
41.3553E+0,-557.2440E-9
41.3732E+0,-556.7205E-9
41.3911E+0,-556.3645E-9
41.4091E+0,-556.3016E-9
41.4269E+0,-555.9456E-9
41.4448E+0,-556.9927E-9
41.4628E+0,-557.3487E-9
41.4806E+0,-557.3906E-9
41.4986E+0,-557.1603E-9
41.5165E+0,-557.0556E-9
41.5343E+0,-556.3226E-9
41.5522E+0,-554.8566E-9
41.5702E+0,-554.3959E-9
41.5881E+0,-553.9980E-9
41.6060E+0,-553.7676E-9
41.6239E+0,-553.4535E-9
41.6418E+0,-554.3959E-9
41.6597E+0,-554.6891E-9
41.6776E+0,-555.0451E-9
41.6955E+0,-554.7310E-9
41.7134E+0,-554.5425E-9
41.7313E+0,-554.3121E-9
41.7492E+0,-552.6368E-9
41.7672E+0,-551.9457E-9
41.7851E+0,-551.6525E-9
41.8030E+0,-551.3803E-9
41.8209E+0,-551.1708E-9
41.8388E+0,-551.9876E-9
41.8567E+0,-552.4273E-9
41.8746E+0,-552.4064E-9
41.8925E+0,-552.2598E-9
41.9104E+0,-552.1761E-9
41.9283E+0,-551.9038E-9
41.9462E+0,-550.3750E-9
41.9641E+0,-549.6420E-9
41.9820E+0,-549.1604E-9
41.9999E+0,-548.9928E-9
42.0178E+0,-548.6159E-9
42.0357E+0,-549.0347E-9
42.0536E+0,-549.7887E-9
42.0715E+0,-550.0818E-9
42.0894E+0,-549.9143E-9
42.1073E+0,-549.6211E-9
42.1252E+0,-549.3698E-9
42.1431E+0,-547.9877E-9
42.1610E+0,-547.2338E-9
42.1789E+0,-546.9824E-9
42.1968E+0,-546.4589E-9
42.2147E+0,-546.3961E-9
42.2326E+0,-546.1866E-9
42.2505E+0,-547.3803E-9
42.2684E+0,-547.4222E-9
42.2863E+0,-547.3385E-9
42.3042E+0,-547.3175E-9
42.3221E+0,-547.0662E-9
42.3401E+0,-545.9563E-9
42.3580E+0,-544.8254E-9
42.3758E+0,-544.4066E-9
42.3937E+0,-544.2391E-9
42.4116E+0,-543.9877E-9
42.4295E+0,-543.8621E-9
42.4475E+0,-544.8044E-9
42.4654E+0,-545.0558E-9
42.4833E+0,-545.2233E-9
42.5012E+0,-544.9720E-9
42.5191E+0,-544.9301E-9
42.5370E+0,-543.6736E-9
42.5549E+0,-542.7522E-9
42.5728E+0,-542.2705E-9
42.5907E+0,-541.6632E-9
42.6086E+0,-541.3700E-9
42.6265E+0,-541.5794E-9
42.6444E+0,-542.2496E-9
42.6623E+0,-542.6265E-9
42.6802E+0,-542.7731E-9
42.6981E+0,-542.5218E-9
42.7161E+0,-542.4799E-9
42.7339E+0,-541.9145E-9
42.7519E+0,-540.4904E-9
42.7698E+0,-539.8831E-9
42.7876E+0,-539.4433E-9
42.8055E+0,-539.2968E-9
42.8234E+0,-539.2549E-9
42.8413E+0,-539.9250E-9
42.8592E+0,-540.3438E-9
42.8771E+0,-540.3647E-9
42.8950E+0,-540.3647E-9
42.9129E+0,-540.2600E-9
42.9308E+0,-539.9250E-9
42.9487E+0,-538.3753E-9
42.9666E+0,-537.6632E-9
42.9845E+0,-537.1606E-9
43.0024E+0,-536.8674E-9
43.0203E+0,-536.6999E-9
43.0382E+0,-537.3910E-9
43.0561E+0,-538.0402E-9
43.0741E+0,-538.0402E-9
43.0920E+0,-537.8936E-9
43.1099E+0,-537.8099E-9
43.1278E+0,-537.5585E-9
43.1457E+0,-536.3020E-9
43.1636E+0,-535.3596E-9
43.1815E+0,-534.9617E-9
43.1994E+0,-534.5010E-9
43.2173E+0,-534.2916E-9
43.2352E+0,-534.8360E-9
43.2531E+0,-535.5481E-9
43.2710E+0,-535.6318E-9
43.2889E+0,-535.4852E-9
43.3068E+0,-535.4852E-9
43.3247E+0,-535.2759E-9
43.3426E+0,-533.8937E-9
43.3605E+0,-533.1607E-9
43.3784E+0,-532.5953E-9
43.3964E+0,-532.5115E-9
43.4142E+0,-532.2393E-9
43.4322E+0,-532.1345E-9
43.4501E+0,-533.3492E-9
43.4680E+0,-533.5376E-9
43.4859E+0,-533.3283E-9
43.5038E+0,-533.2445E-9
43.5217E+0,-533.1817E-9
43.5396E+0,-531.9461E-9
43.5575E+0,-531.0246E-9
43.5754E+0,-530.4382E-9
43.5933E+0,-530.4173E-9
43.6112E+0,-529.8937E-9
43.6291E+0,-529.9566E-9
43.6471E+0,-530.9827E-9
43.6650E+0,-531.1921E-9
43.6829E+0,-531.0665E-9
43.7008E+0,-531.0665E-9
43.7187E+0,-530.8990E-9
43.7366E+0,-529.9566E-9
43.7545E+0,-528.8258E-9
43.7724E+0,-528.2603E-9
43.7903E+0,-528.0928E-9
43.8082E+0,-527.7158E-9
43.8261E+0,-527.6320E-9
43.8440E+0,-527.5064E-9
43.8619E+0,-527.1922E-9
43.8798E+0,-527.2132E-9
43.8978E+0,-527.0875E-9
43.9157E+0,-527.0666E-9
43.9335E+0,-526.9619E-9
43.9515E+0,-526.7943E-9
43.9694E+0,-526.7106E-9
43.9873E+0,-526.7106E-9
44.0052E+0,-526.5221E-9
44.0231E+0,-526.6477E-9
44.0410E+0,-526.4802E-9
44.0590E+0,-526.3545E-9
44.0769E+0,-526.3336E-9
44.0948E+0,-526.2289E-9
44.1127E+0,-526.4174E-9
44.1306E+0,-526.2080E-9
44.1485E+0,-526.1033E-9
44.1664E+0,-526.0614E-9
44.1843E+0,-526.0614E-9
44.2022E+0,-525.8729E-9
44.2201E+0,-525.9776E-9
44.2380E+0,-525.7263E-9
44.2559E+0,-525.8310E-9
44.2738E+0,-525.7891E-9
44.2917E+0,-525.8100E-9
44.3096E+0,-525.8519E-9
44.3275E+0,-525.6634E-9
44.3454E+0,-525.6216E-9
44.3633E+0,-525.6006E-9
44.3812E+0,-525.6844E-9
44.3991E+0,-525.5169E-9
44.4170E+0,-525.3912E-9
44.4349E+0,-525.3703E-9
44.4528E+0,-525.4541E-9
44.4708E+0,-525.2237E-9
44.4886E+0,-525.3494E-9
44.5065E+0,-525.5169E-9
44.5245E+0,-525.3284E-9
44.5424E+0,-525.2656E-9
44.5603E+0,-525.0771E-9
44.5782E+0,-525.0771E-9
44.5961E+0,-525.1189E-9
44.6140E+0,-525.0771E-9
44.6319E+0,-525.0771E-9
44.6498E+0,-525.1399E-9
44.6677E+0,-524.9933E-9
44.6856E+0,-525.0143E-9
44.7035E+0,-524.8677E-9
44.7214E+0,-524.8467E-9
44.7393E+0,-524.6374E-9
44.7572E+0,-524.8049E-9
44.7751E+0,-524.7839E-9
44.7930E+0,-524.8677E-9
44.8109E+0,-524.9305E-9
44.8288E+0,-524.7630E-9
44.8467E+0,-524.6583E-9
44.8646E+0,-524.6583E-9
44.8825E+0,-524.7002E-9
44.9004E+0,-524.6374E-9
44.9183E+0,-524.5955E-9
44.9362E+0,-524.5745E-9
44.9541E+0,-524.5536E-9
44.9720E+0,-524.6374E-9
44.9899E+0,-524.5745E-9
45.0078E+0,-524.4488E-9
45.0257E+0,-524.3651E-9
45.0436E+0,-524.2813E-9
45.0615E+0,-524.2604E-9
45.0794E+0,-524.1766E-9
45.0973E+0,-524.3651E-9
45.1152E+0,-524.1975E-9
45.1330E+0,-524.1138E-9
45.1510E+0,-524.2394E-9
45.1689E+0,-524.1975E-9
45.1867E+0,-524.1138E-9
45.2046E+0,-524.1557E-9
45.2225E+0,-524.0300E-9
45.2404E+0,-523.9672E-9
45.2583E+0,-523.9463E-9
45.2762E+0,-523.8415E-9
45.2941E+0,-523.8206E-9
45.3120E+0,-523.7787E-9
45.3299E+0,-523.9881E-9
45.3478E+0,-523.9881E-9
45.3657E+0,-523.9253E-9
45.3836E+0,-523.8625E-9
45.4015E+0,-523.6740E-9
45.4194E+0,-523.8415E-9
45.4373E+0,-523.6112E-9
45.4551E+0,-523.6112E-9
45.4731E+0,-523.6112E-9
45.4910E+0,-523.5484E-9
45.5088E+0,-523.6321E-9
45.5267E+0,-523.4855E-9
45.5446E+0,-523.3389E-9
45.5625E+0,-523.5274E-9
45.5804E+0,-523.4646E-9
45.5983E+0,-523.4855E-9
45.6162E+0,-523.4018E-9
45.6341E+0,-523.5274E-9
45.6520E+0,-523.2342E-9
45.6699E+0,-523.1714E-9
45.6878E+0,-523.2970E-9
45.7057E+0,-523.1504E-9
45.7235E+0,-522.9201E-9
45.7414E+0,-523.0876E-9
45.7593E+0,-523.2552E-9
45.7772E+0,-523.1714E-9
45.7951E+0,-523.0038E-9
45.8130E+0,-523.1086E-9
45.8309E+0,-523.1504E-9
45.8488E+0,-522.9620E-9
45.8667E+0,-522.9829E-9
45.8846E+0,-522.9410E-9
45.9025E+0,-522.9201E-9
45.9204E+0,-523.1086E-9
45.9382E+0,-522.8154E-9
45.9562E+0,-522.7525E-9
45.9741E+0,-522.8991E-9
45.9919E+0,-522.7106E-9
46.0099E+0,-522.7106E-9
46.0278E+0,-522.5850E-9
46.0457E+0,-522.6897E-9
46.0636E+0,-522.5850E-9
46.0815E+0,-522.6269E-9
46.0994E+0,-522.5012E-9
46.1174E+0,-522.4803E-9
46.1353E+0,-522.5431E-9
46.1532E+0,-522.4384E-9
46.1711E+0,-522.7316E-9
46.1890E+0,-522.5641E-9
46.2069E+0,-522.6059E-9
46.2249E+0,-522.2918E-9
46.2428E+0,-522.5012E-9
46.2607E+0,-522.3965E-9
46.2786E+0,-522.3546E-9
46.2965E+0,-522.1871E-9
46.3144E+0,-522.2709E-9
46.3323E+0,-522.1871E-9
46.3502E+0,-522.2709E-9
46.3682E+0,-522.1661E-9
46.3861E+0,-522.3337E-9
46.4040E+0,-522.1661E-9
46.4219E+0,-522.0195E-9
46.4398E+0,-522.1033E-9
46.4577E+0,-521.9358E-9
46.4756E+0,-521.9358E-9
46.4935E+0,-521.9986E-9
46.5115E+0,-521.9986E-9
46.5294E+0,-521.7683E-9
46.5473E+0,-521.8102E-9
46.5652E+0,-521.7683E-9
46.5831E+0,-521.7054E-9
46.6010E+0,-521.7054E-9
46.6189E+0,-521.8939E-9
46.6368E+0,-521.6007E-9
46.6547E+0,-521.4960E-9
46.6726E+0,-521.7473E-9
46.6906E+0,-521.8730E-9
46.7085E+0,-521.4541E-9
46.7264E+0,-521.6426E-9
46.7443E+0,-521.3703E-9
46.7622E+0,-521.6216E-9
46.7801E+0,-521.5169E-9
46.7980E+0,-521.4541E-9
46.8159E+0,-521.4541E-9
46.8338E+0,-521.2656E-9
46.8517E+0,-521.2656E-9
46.8697E+0,-521.7054E-9
46.8876E+0,-521.5588E-9
46.9055E+0,-521.4541E-9
46.9234E+0,-521.3703E-9
46.9413E+0,-521.3494E-9
46.9592E+0,-521.4122E-9
46.9771E+0,-521.3703E-9
46.9950E+0,-521.3075E-9
47.0129E+0,-521.2447E-9
47.0308E+0,-521.2866E-9
47.0487E+0,-521.2656E-9
47.0666E+0,-521.4332E-9
47.0845E+0,-521.1191E-9
47.1024E+0,-521.1191E-9
47.1203E+0,-520.9515E-9
47.1383E+0,-520.9934E-9
47.1562E+0,-521.0143E-9
47.1741E+0,-520.8677E-9
47.1920E+0,-520.9096E-9
47.2099E+0,-520.7630E-9
47.2278E+0,-520.9305E-9
47.2457E+0,-520.7840E-9
47.2636E+0,-520.6793E-9
47.2815E+0,-520.7211E-9
47.2994E+0,-520.5746E-9
47.3173E+0,-520.6793E-9
47.3353E+0,-520.5118E-9
47.3532E+0,-520.6374E-9
47.3711E+0,-520.5536E-9
47.3890E+0,-520.5536E-9
47.4069E+0,-520.5746E-9
47.4248E+0,-520.4071E-9
47.4427E+0,-520.3023E-9
47.4606E+0,-520.2185E-9
47.4785E+0,-520.4071E-9
47.4964E+0,-520.2604E-9
47.5143E+0,-520.3861E-9
47.5322E+0,-520.3233E-9
47.5501E+0,-520.4071E-9
47.5680E+0,-520.2814E-9
47.5859E+0,-520.3442E-9
47.6038E+0,-520.3233E-9
47.6217E+0,-520.1557E-9
47.6396E+0,-520.0301E-9
47.6575E+0,-520.1348E-9
47.6754E+0,-519.9463E-9
47.6933E+0,-519.8626E-9
47.7112E+0,-520.0301E-9
47.7291E+0,-520.0091E-9
47.7470E+0,-519.9254E-9
47.7649E+0,-519.8835E-9
47.7828E+0,-519.8416E-9
47.8007E+0,-519.9254E-9
47.8186E+0,-519.9254E-9
47.8365E+0,-519.7997E-9
47.8544E+0,-519.6950E-9
47.8723E+0,-519.8207E-9
47.8902E+0,-519.8626E-9
47.9081E+0,-519.7160E-9
47.9261E+0,-519.7160E-9
47.9440E+0,-519.5274E-9
47.9619E+0,-519.5694E-9
47.9798E+0,-519.5065E-9
47.9977E+0,-519.5903E-9
48.0156E+0,-519.5903E-9
48.0335E+0,-519.5694E-9
48.0513E+0,-519.4228E-9
48.0692E+0,-519.5903E-9
48.0872E+0,-519.2762E-9
48.1050E+0,-519.3809E-9
48.1229E+0,-519.1715E-9
48.1408E+0,-519.1505E-9
48.1587E+0,-519.1505E-9
48.1766E+0,-519.1924E-9
48.1945E+0,-519.2343E-9
48.2124E+0,-519.3390E-9
48.2303E+0,-518.9830E-9
48.2482E+0,-519.0249E-9
48.2661E+0,-519.1296E-9
48.2840E+0,-519.0039E-9
48.3019E+0,-518.8364E-9
48.3198E+0,-518.8783E-9
48.3377E+0,-518.8573E-9
48.3556E+0,-518.9621E-9
48.3735E+0,-518.8783E-9
48.3914E+0,-518.8154E-9
48.4093E+0,-518.8783E-9
48.4272E+0,-518.7317E-9
48.4451E+0,-518.6060E-9
48.4630E+0,-518.6689E-9
48.4808E+0,-518.6060E-9
48.4988E+0,-518.5851E-9
48.5167E+0,-518.7107E-9
48.5345E+0,-518.6060E-9
48.5525E+0,-518.5013E-9
48.5703E+0,-518.5641E-9
48.5882E+0,-518.6479E-9
48.6061E+0,-518.3547E-9
48.6240E+0,-518.3966E-9
48.6419E+0,-518.3966E-9
48.6598E+0,-518.3757E-9
48.6777E+0,-518.3757E-9
48.6956E+0,-518.2291E-9
48.7135E+0,-518.3128E-9
48.7314E+0,-518.1662E-9
48.7493E+0,-518.0825E-9
48.7672E+0,-517.9778E-9
48.7851E+0,-518.0406E-9
48.8029E+0,-518.0825E-9
48.8209E+0,-518.1034E-9
48.8388E+0,-518.2500E-9
48.8566E+0,-517.9987E-9
48.8745E+0,-517.7893E-9
48.8924E+0,-518.0406E-9
48.9103E+0,-517.7893E-9
48.9282E+0,-517.8730E-9
48.9461E+0,-517.7474E-9
48.9640E+0,-517.5380E-9
48.9819E+0,-517.7264E-9
48.9998E+0,-517.6846E-9
49.0177E+0,-517.5799E-9
49.0356E+0,-517.5799E-9
49.0535E+0,-517.5170E-9
49.0713E+0,-517.4123E-9
49.0892E+0,-517.4542E-9
49.1072E+0,-517.5170E-9
49.1250E+0,-517.4123E-9
49.1430E+0,-517.2238E-9
49.1609E+0,-517.3285E-9
49.1788E+0,-517.3495E-9
49.1967E+0,-517.3704E-9
49.2146E+0,-517.2029E-9
49.2325E+0,-517.1610E-9
49.2505E+0,-517.2657E-9
49.2684E+0,-517.1401E-9
49.2863E+0,-517.0144E-9
49.3042E+0,-517.0563E-9
49.3221E+0,-517.0563E-9
49.3400E+0,-517.0144E-9
49.3580E+0,-517.0563E-9
49.3759E+0,-516.9935E-9
49.3938E+0,-516.8679E-9
49.4117E+0,-516.7840E-9
49.4296E+0,-516.7840E-9
49.4475E+0,-516.8469E-9
49.4654E+0,-516.8050E-9
49.4833E+0,-517.0563E-9
49.5012E+0,-516.8050E-9
49.5191E+0,-516.8259E-9
49.5370E+0,-516.6374E-9
49.5550E+0,-516.5746E-9
49.5729E+0,-516.3443E-9
49.5908E+0,-516.6165E-9
49.6087E+0,-516.5746E-9
49.6266E+0,-516.7631E-9
49.6445E+0,-516.5327E-9
49.6624E+0,-516.3862E-9
49.6803E+0,-516.3024E-9
49.6982E+0,-516.3862E-9
49.7162E+0,-516.2605E-9
49.7341E+0,-516.2187E-9
49.7520E+0,-516.2815E-9
49.7699E+0,-516.2815E-9
49.7878E+0,-516.2187E-9
49.8057E+0,-516.2815E-9
49.8236E+0,-516.0301E-9
49.8415E+0,-516.1349E-9
49.8594E+0,-515.8207E-9
49.8773E+0,-516.0092E-9
49.8952E+0,-515.9673E-9
49.9132E+0,-516.0092E-9
49.9311E+0,-515.7579E-9
49.9490E+0,-515.7579E-9
49.9669E+0,-515.7788E-9
49.9848E+0,-515.7160E-9
50.0027E+0,-515.6323E-9
50.0206E+0,-515.6951E-9
50.0385E+0,-515.6532E-9
50.0564E+0,-515.4648E-9
50.0744E+0,-515.5695E-9
50.0922E+0,-515.6532E-9
50.1101E+0,-515.6113E-9
50.1281E+0,-515.6323E-9
50.1460E+0,-515.4857E-9
50.1639E+0,-515.5066E-9
50.1818E+0,-515.4648E-9
50.1996E+0,-515.2343E-9
50.2176E+0,-515.1925E-9
50.2355E+0,-515.1296E-9
50.2534E+0,-515.1925E-9
50.2713E+0,-515.0668E-9
50.2892E+0,-515.0459E-9
50.3071E+0,-515.1296E-9
50.3250E+0,-515.0878E-9
50.3429E+0,-515.1506E-9
50.3608E+0,-515.0250E-9
50.3787E+0,-514.8784E-9
50.3966E+0,-514.8784E-9
50.4145E+0,-514.9203E-9
50.4325E+0,-515.0040E-9
50.4504E+0,-514.9412E-9
50.4683E+0,-514.9831E-9
50.4862E+0,-514.7737E-9
50.5041E+0,-514.7946E-9
50.5220E+0,-514.7108E-9
50.5399E+0,-514.7946E-9
50.5578E+0,-514.6689E-9
50.5757E+0,-514.6689E-9
50.5936E+0,-514.6480E-9
50.6115E+0,-514.4805E-9
50.6294E+0,-514.6480E-9
50.6473E+0,-514.5642E-9
50.6652E+0,-514.5433E-9
50.6831E+0,-514.5851E-9
50.7010E+0,-514.3967E-9
50.7189E+0,-514.2920E-9
50.7368E+0,-514.4176E-9
50.7547E+0,-514.3758E-9
50.7726E+0,-514.4176E-9
50.7905E+0,-514.1035E-9
50.8084E+0,-514.1873E-9
50.8263E+0,-514.1663E-9
50.8442E+0,-514.0197E-9
50.8621E+0,-513.9150E-9
50.8800E+0,-513.8731E-9
50.8979E+0,-514.0826E-9
50.9158E+0,-513.8941E-9
50.9337E+0,-513.9150E-9
50.9516E+0,-513.8731E-9
50.9695E+0,-513.8731E-9
50.9874E+0,-513.8103E-9
51.0053E+0,-513.6847E-9
51.0232E+0,-513.7894E-9
51.0411E+0,-513.7894E-9
51.0590E+0,-513.6428E-9
51.0769E+0,-513.5381E-9
51.0948E+0,-513.5799E-9
51.1127E+0,-513.4962E-9
51.1306E+0,-513.4543E-9
51.1485E+0,-513.4124E-9
51.1664E+0,-513.4124E-9
51.1843E+0,-513.3286E-9
51.2022E+0,-513.2867E-9
51.2201E+0,-513.4124E-9
51.2380E+0,-513.5799E-9
51.2559E+0,-513.2658E-9
51.2738E+0,-513.3496E-9
51.2917E+0,-513.1402E-9
51.3096E+0,-513.0354E-9
51.3275E+0,-513.2239E-9
51.3454E+0,-513.0983E-9
51.3633E+0,-512.9726E-9
51.3812E+0,-513.0773E-9
51.3991E+0,-512.9936E-9
51.4170E+0,-513.0145E-9
51.4349E+0,-512.9517E-9
51.4528E+0,-512.9517E-9
51.4707E+0,-512.6794E-9
51.4886E+0,-512.8260E-9
51.5065E+0,-513.0354E-9
51.5244E+0,-512.7423E-9
51.5423E+0,-512.7213E-9
51.5602E+0,-512.6585E-9
51.5781E+0,-512.7632E-9
51.5960E+0,-512.5119E-9
51.6138E+0,-512.3862E-9
51.6318E+0,-512.5538E-9
51.6497E+0,-512.3234E-9
51.6675E+0,-512.5538E-9
51.6854E+0,-512.4072E-9
51.7033E+0,-512.4700E-9
51.7212E+0,-512.2815E-9
51.7391E+0,-512.2396E-9
51.7570E+0,-512.1559E-9
51.7749E+0,-512.2815E-9
51.7928E+0,-512.2815E-9
51.8107E+0,-512.2396E-9
51.8286E+0,-512.0721E-9
51.8465E+0,-512.1140E-9
51.8644E+0,-512.2396E-9
51.8823E+0,-512.0721E-9
51.9002E+0,-512.0093E-9
51.9181E+0,-511.8627E-9
51.9360E+0,-512.0302E-9
51.9539E+0,-511.8627E-9
51.9718E+0,-511.7579E-9
51.9897E+0,-511.7370E-9
52.0076E+0,-511.6532E-9
52.0256E+0,-511.8208E-9
52.0435E+0,-511.4648E-9
52.0614E+0,-511.5904E-9
52.0793E+0,-511.7161E-9
52.0972E+0,-511.5904E-9
52.1151E+0,-511.4439E-9
52.1330E+0,-511.4857E-9
52.1510E+0,-511.3810E-9
52.1689E+0,-511.4020E-9
52.1868E+0,-511.4439E-9
52.2047E+0,-511.2345E-9
52.2226E+0,-511.2973E-9
52.2405E+0,-511.2135E-9
52.2584E+0,-511.1506E-9
52.2763E+0,-511.1297E-9
52.2942E+0,-511.0669E-9
52.3122E+0,-511.1087E-9
52.3301E+0,-511.1506E-9
52.3479E+0,-510.9203E-9
52.3659E+0,-511.0878E-9
52.3838E+0,-510.9831E-9
52.4017E+0,-511.0040E-9
52.4196E+0,-510.9622E-9
52.4375E+0,-510.9203E-9
52.4554E+0,-510.8156E-9
52.4734E+0,-510.8365E-9
52.4913E+0,-510.6690E-9
52.5092E+0,-510.6900E-9
52.5271E+0,-510.6481E-9
52.5450E+0,-510.7318E-9
52.5629E+0,-510.5853E-9
52.5808E+0,-510.5853E-9
52.5987E+0,-510.4386E-9
52.6166E+0,-510.4386E-9
52.6345E+0,-510.3967E-9
52.6524E+0,-510.2292E-9
52.6704E+0,-510.3758E-9
52.6883E+0,-510.2920E-9
52.7061E+0,-510.3549E-9
52.7241E+0,-510.2502E-9
52.7420E+0,-510.3339E-9
52.7599E+0,-510.2083E-9
52.7778E+0,-510.0617E-9
52.7957E+0,-510.1664E-9
52.8136E+0,-510.0827E-9
52.8315E+0,-510.0827E-9
52.8494E+0,-509.9151E-9
52.8673E+0,-509.8942E-9
52.8852E+0,-509.9151E-9
52.9031E+0,-509.9780E-9
52.9211E+0,-509.7476E-9
52.9390E+0,-509.7895E-9
52.9569E+0,-509.8523E-9
52.9748E+0,-509.6638E-9
52.9927E+0,-509.6010E-9
53.0106E+0,-509.4753E-9
53.0285E+0,-509.6428E-9
53.0464E+0,-509.6428E-9
53.0643E+0,-509.6010E-9
53.0822E+0,-509.4125E-9
53.1001E+0,-509.5381E-9
53.1180E+0,-509.5381E-9
53.1359E+0,-509.4125E-9
53.1538E+0,-509.1821E-9
53.1717E+0,-509.3916E-9
53.1896E+0,-509.2659E-9
53.2075E+0,-509.4334E-9
53.2254E+0,-509.2659E-9
53.2433E+0,-509.3497E-9
53.2612E+0,-509.0984E-9
53.2791E+0,-509.1612E-9
53.2970E+0,-508.9727E-9
53.3149E+0,-508.8680E-9
53.3328E+0,-508.8889E-9
53.3507E+0,-508.7633E-9
53.3686E+0,-508.8471E-9
53.3865E+0,-508.9099E-9
53.4044E+0,-508.8680E-9
53.4223E+0,-508.7842E-9
53.4402E+0,-508.7005E-9
53.4581E+0,-508.8680E-9
53.4760E+0,-508.6586E-9
53.4939E+0,-508.5120E-9
53.5118E+0,-508.5329E-9
53.5297E+0,-508.5748E-9
53.5476E+0,-508.5329E-9
53.5656E+0,-508.6167E-9
53.5835E+0,-508.6795E-9
53.6014E+0,-508.6586E-9
53.6193E+0,-508.4910E-9
53.6372E+0,-508.6167E-9
53.6551E+0,-508.2188E-9
53.6730E+0,-508.1559E-9
53.6909E+0,-508.1978E-9
53.7088E+0,-508.1978E-9
53.7267E+0,-508.1141E-9
53.7445E+0,-508.1141E-9
53.7625E+0,-508.1141E-9
53.7804E+0,-508.0303E-9
53.7982E+0,-508.0722E-9
53.8161E+0,-507.9046E-9
53.8340E+0,-507.8418E-9
53.8519E+0,-507.8837E-9
53.8698E+0,-507.8209E-9
53.8877E+0,-507.8418E-9
53.9056E+0,-508.0303E-9
53.9235E+0,-507.6743E-9
53.9414E+0,-507.5696E-9
53.9593E+0,-507.5067E-9
53.9772E+0,-507.6533E-9
53.9951E+0,-507.6114E-9
54.0130E+0,-507.5067E-9
54.0309E+0,-507.4020E-9
54.0488E+0,-507.3601E-9
54.0666E+0,-507.5277E-9
54.0846E+0,-507.4439E-9
54.1025E+0,-507.5277E-9
54.1203E+0,-507.5905E-9
54.1382E+0,-507.3811E-9
54.1561E+0,-507.2973E-9
54.1740E+0,-507.3183E-9
54.1919E+0,-507.2973E-9
54.2098E+0,-507.1089E-9
54.2277E+0,-507.2136E-9
54.2456E+0,-507.2345E-9
54.2635E+0,-507.1508E-9
54.2814E+0,-507.0041E-9
54.2993E+0,-507.1089E-9
54.3172E+0,-507.1298E-9
54.3350E+0,-506.9832E-9
54.3530E+0,-506.9622E-9
54.3708E+0,-506.9203E-9
54.3887E+0,-506.9203E-9
54.4066E+0,-506.7319E-9
54.4245E+0,-506.8575E-9
54.4424E+0,-506.8575E-9
54.4603E+0,-506.5644E-9
54.4782E+0,-506.6481E-9
54.4961E+0,-506.5853E-9
54.5141E+0,-506.5225E-9
54.5320E+0,-506.3550E-9
54.5499E+0,-506.5853E-9
54.5678E+0,-506.4178E-9
54.5857E+0,-506.2083E-9
54.6036E+0,-506.2083E-9
54.6215E+0,-506.2921E-9
54.6394E+0,-506.2083E-9
54.6573E+0,-506.1036E-9
54.6753E+0,-506.0827E-9
54.6932E+0,-506.0199E-9
54.7111E+0,-505.8524E-9
54.7290E+0,-513.0773E-9
54.7469E+0,-525.9357E-9
54.7648E+0,-537.4329E-9
54.7827E+0,-546.3542E-9
54.8006E+0,-552.7415E-9
54.8185E+0,-558.1026E-9
54.8364E+0,-563.6103E-9
54.8543E+0,-569.9767E-9
54.8722E+0,-569.1181E-9
54.8902E+0,-566.6679E-9
54.9080E+0,-564.7831E-9
54.9259E+0,-563.5266E-9
54.9438E+0,-562.5424E-9
54.9617E+0,-562.5005E-9
54.9796E+0,-571.8406E-9
54.9975E+0,-578.3745E-9
55.0154E+0,-583.8822E-9
55.0333E+0,-588.8874E-9
55.0512E+0,-593.7040E-9
55.0691E+0,-594.1648E-9
55.0870E+0,-592.1124E-9
55.1049E+0,-590.6675E-9
55.1228E+0,-589.6622E-9
55.1407E+0,-588.6989E-9
55.1586E+0,-587.9659E-9
55.1765E+0,-595.0234E-9
55.1944E+0,-600.1542E-9
55.2123E+0,-604.7195E-9
55.2302E+0,-609.2011E-9
55.2481E+0,-613.5780E-9
55.2660E+0,-614.9183E-9
55.2839E+0,-613.0963E-9
55.3019E+0,-611.9236E-9
55.3198E+0,-610.8555E-9
55.3377E+0,-610.1226E-9
55.3556E+0,-609.4106E-9
55.3735E+0,-615.2952E-9
55.3914E+0,-620.8658E-9
55.4093E+0,-625.4312E-9
55.4272E+0,-629.1798E-9
55.4451E+0,-632.4886E-9
55.4630E+0,-634.8550E-9
55.4809E+0,-633.0121E-9
55.4988E+0,-631.8813E-9
55.5167E+0,-631.0855E-9
55.5346E+0,-630.2269E-9
55.5525E+0,-629.7034E-9
55.5704E+0,-633.5776E-9
55.5883E+0,-637.7241E-9
55.6062E+0,-641.0958E-9
55.6241E+0,-644.7606E-9
55.6420E+0,-648.9281E-9
55.6599E+0,-652.8652E-9
55.6778E+0,-650.9595E-9
55.6957E+0,-649.6610E-9
55.7136E+0,-648.9490E-9
55.7315E+0,-648.4254E-9
55.7494E+0,-647.8810E-9
55.7673E+0,-650.2684E-9
55.7852E+0,-654.4149E-9
55.8031E+0,-657.8075E-9
55.8210E+0,-661.3258E-9
55.8389E+0,-664.5089E-9
55.8568E+0,-668.0900E-9
55.8747E+0,-666.3519E-9
55.8926E+0,-665.4095E-9
55.9105E+0,-664.4880E-9
55.9285E+0,-664.2576E-9
55.9464E+0,-663.6503E-9
55.9643E+0,-665.5142E-9
55.9822E+0,-669.3256E-9
56.0001E+0,-672.2365E-9
56.0180E+0,-674.9171E-9
56.0359E+0,-677.7861E-9
56.0538E+0,-680.9484E-9
56.0717E+0,-680.2155E-9
56.0896E+0,-679.2521E-9
56.1075E+0,-678.7286E-9
56.1254E+0,-678.2259E-9
56.1433E+0,-677.6814E-9
56.1612E+0,-678.6029E-9
56.1791E+0,-683.5033E-9
56.1971E+0,-686.3305E-9
56.2149E+0,-689.0948E-9
56.2329E+0,-691.5032E-9
56.2508E+0,-694.2466E-9
56.2687E+0,-694.2257E-9
56.2866E+0,-693.2204E-9
56.3045E+0,-692.6550E-9
56.3224E+0,-692.1733E-9
56.3403E+0,-691.9011E-9
56.3582E+0,-691.3147E-9
56.3761E+0,-695.8382E-9
56.3940E+0,-698.4141E-9
56.4119E+0,-701.0108E-9
56.4298E+0,-703.7752E-9
56.4477E+0,-707.4610E-9
56.4656E+0,-708.3406E-9
56.4835E+0,-707.1469E-9
56.5015E+0,-706.5605E-9
56.5194E+0,-705.9322E-9
56.5372E+0,-705.5134E-9
56.5552E+0,-705.3668E-9
56.5731E+0,-709.1363E-9
56.5910E+0,-712.4033E-9
56.6089E+0,-715.3561E-9
56.6268E+0,-717.6388E-9
56.6447E+0,-719.8377E-9
56.6626E+0,-721.0523E-9
56.6805E+0,-719.8377E-9
56.6984E+0,-719.1256E-9
56.7163E+0,-718.8325E-9
56.7342E+0,-718.1205E-9
56.7521E+0,-717.7644E-9
56.7700E+0,-720.7173E-9
56.7879E+0,-723.4606E-9
56.8058E+0,-725.5339E-9
56.8237E+0,-727.4606E-9
56.8416E+0,-729.9317E-9
56.8595E+0,-732.7799E-9
56.8774E+0,-731.0836E-9
56.8953E+0,-730.2668E-9
56.9133E+0,-729.8899E-9
56.9311E+0,-729.4082E-9
56.9490E+0,-729.0940E-9
56.9670E+0,-731.5234E-9
56.9849E+0,-734.6646E-9
57.0028E+0,-737.0311E-9
57.0207E+0,-739.0834E-9
57.0386E+0,-741.3870E-9
57.0565E+0,-743.6487E-9
57.0744E+0,-742.1200E-9
57.0923E+0,-741.6592E-9
57.1102E+0,-740.9263E-9
57.1281E+0,-740.6122E-9
57.1460E+0,-740.1724E-9
57.1639E+0,-741.6802E-9
57.1819E+0,-744.7377E-9
57.1998E+0,-747.1042E-9
57.2177E+0,-748.8842E-9
57.2356E+0,-750.8738E-9
57.2535E+0,-753.4705E-9
57.2714E+0,-752.5072E-9
57.2893E+0,-751.6905E-9
57.3072E+0,-751.1251E-9
57.3251E+0,-750.8528E-9
57.3430E+0,-750.4759E-9
57.3609E+0,-751.3135E-9
57.3789E+0,-755.1250E-9
57.3968E+0,-758.0359E-9
57.4147E+0,-760.0045E-9
57.4326E+0,-761.8683E-9
57.4505E+0,-763.7950E-9
57.4685E+0,-763.0410E-9
57.4864E+0,-762.3081E-9
57.5043E+0,-761.7008E-9
57.5222E+0,-761.2609E-9
57.5401E+0,-760.9469E-9
57.5580E+0,-760.5908E-9
57.5760E+0,-763.8369E-9
57.5939E+0,-766.2452E-9
57.6118E+0,-768.1718E-9
57.6297E+0,-770.3288E-9
57.6476E+0,-772.7162E-9
57.6655E+0,-772.5906E-9
57.6835E+0,-771.8157E-9
57.7014E+0,-771.2294E-9
57.7193E+0,-770.7896E-9
57.7372E+0,-770.5174E-9
57.7551E+0,-770.0985E-9
57.7731E+0,-773.1560E-9
57.7910E+0,-775.7738E-9
57.8089E+0,-777.8470E-9
57.8268E+0,-779.5852E-9
57.8447E+0,-781.5538E-9
57.8626E+0,-781.8261E-9
57.8806E+0,-780.6742E-9
57.8985E+0,-780.1716E-9
57.9164E+0,-779.6481E-9
57.9343E+0,-779.5433E-9
57.9522E+0,-779.1036E-9
57.9701E+0,-781.4910E-9
57.9881E+0,-783.6270E-9
58.0059E+0,-785.9097E-9
58.0239E+0,-787.7317E-9
58.0418E+0,-789.4280E-9
58.0597E+0,-790.5169E-9
58.0776E+0,-789.2605E-9
58.0955E+0,-788.5902E-9
58.1134E+0,-788.1924E-9
58.1314E+0,-787.8783E-9
58.1493E+0,-787.5432E-9
58.1672E+0,-789.0929E-9
58.1851E+0,-791.5641E-9
58.2030E+0,-793.6792E-9
58.2210E+0,-795.6687E-9
58.2389E+0,-797.3859E-9
58.2568E+0,-799.1660E-9
58.2747E+0,-797.3022E-9
58.2926E+0,-796.7577E-9
58.3105E+0,-796.2341E-9
58.3285E+0,-795.9410E-9
58.3464E+0,-795.5639E-9
58.3643E+0,-797.0718E-9
58.3822E+0,-799.1660E-9
58.4001E+0,-800.9461E-9
58.4180E+0,-802.8728E-9
58.4360E+0,-804.9460E-9
58.4539E+0,-806.4538E-9
58.4718E+0,-805.3229E-9
58.4897E+0,-804.4852E-9
58.5076E+0,-804.0035E-9
58.5255E+0,-803.6477E-9
58.5435E+0,-803.4801E-9
58.5614E+0,-804.1921E-9
58.5793E+0,-806.2444E-9
58.5972E+0,-807.7942E-9
58.6151E+0,-809.3228E-9
58.6331E+0,-811.5636E-9
58.6510E+0,-813.1971E-9
58.6689E+0,-812.1081E-9
58.6868E+0,-811.4590E-9
58.7047E+0,-810.8097E-9
58.7226E+0,-810.6213E-9
58.7405E+0,-810.3490E-9
58.7584E+0,-810.6422E-9
58.7763E+0,-812.7784E-9
58.7943E+0,-814.2861E-9
58.8122E+0,-816.1290E-9
58.8301E+0,-817.7206E-9
58.8480E+0,-819.5845E-9
58.8659E+0,-819.1656E-9
58.8838E+0,-818.3907E-9
58.9017E+0,-817.8672E-9
58.9197E+0,-817.4693E-9
58.9376E+0,-817.3227E-9
58.9555E+0,-816.9457E-9
58.9734E+0,-819.6473E-9
58.9913E+0,-820.9248E-9
59.0092E+0,-822.7466E-9
59.0272E+0,-824.3173E-9
59.0451E+0,-826.1602E-9
59.0630E+0,-826.1184E-9
59.0809E+0,-824.9037E-9
59.0988E+0,-824.4849E-9
59.1167E+0,-824.1917E-9
59.1347E+0,-823.7728E-9
59.1526E+0,-823.8148E-9
59.1705E+0,-826.0974E-9
59.1884E+0,-827.8356E-9
59.2063E+0,-829.1340E-9
59.2243E+0,-830.6628E-9
59.2422E+0,-832.1077E-9
59.2601E+0,-832.8407E-9
59.2780E+0,-831.6471E-9
59.2959E+0,-830.7884E-9
59.3138E+0,-830.7466E-9
59.3318E+0,-830.0764E-9
59.3497E+0,-829.8879E-9
59.3676E+0,-832.1287E-9
59.3855E+0,-833.3852E-9
59.4034E+0,-834.5370E-9
59.4213E+0,-835.9192E-9
59.4393E+0,-837.5526E-9
59.4572E+0,-838.7045E-9
59.4751E+0,-837.0082E-9
59.4930E+0,-836.2962E-9
59.5109E+0,-836.0030E-9
59.5289E+0,-835.7308E-9
59.5468E+0,-835.3119E-9
59.5647E+0,-836.9873E-9
59.5827E+0,-838.7673E-9
59.6006E+0,-840.1285E-9
59.6185E+0,-841.2175E-9
59.6364E+0,-843.0395E-9
59.6543E+0,-844.8196E-9
59.6722E+0,-843.4584E-9
59.6901E+0,-842.8719E-9
59.7080E+0,-842.3484E-9
59.7260E+0,-842.0343E-9
59.7439E+0,-841.7621E-9
59.7618E+0,-842.7673E-9
59.7797E+0,-845.2384E-9
59.7977E+0,-846.3693E-9
59.8155E+0,-847.6677E-9
59.8335E+0,-849.1127E-9
59.8514E+0,-850.5368E-9
59.8693E+0,-849.2593E-9
59.8872E+0,-848.5891E-9
59.9051E+0,-848.1493E-9
59.9230E+0,-847.6887E-9
59.9410E+0,-847.5001E-9
59.9589E+0,-847.8352E-9
59.9768E+0,-850.6414E-9
59.9947E+0,-851.6467E-9
60.0126E+0,-852.6309E-9
60.0306E+0,-854.2016E-9
60.0485E+0,-855.8141E-9
60.0664E+0,-855.0393E-9
60.0843E+0,-853.9503E-9
60.1022E+0,-854.0341E-9
60.1201E+0,-853.4895E-9
60.1380E+0,-853.0288E-9
60.1559E+0,-852.8822E-9
60.1739E+0,-855.7094E-9
60.1918E+0,-857.1963E-9
60.2097E+0,-858.6831E-9
60.2276E+0,-859.7931E-9
60.2455E+0,-860.7774E-9
60.2634E+0,-860.6308E-9
60.2814E+0,-859.7093E-9
60.2993E+0,-859.1648E-9
60.3172E+0,-858.8507E-9
60.3351E+0,-858.4109E-9
60.3530E+0,-858.0968E-9
60.3709E+0,-860.4004E-9
60.3889E+0,-862.3689E-9
60.4068E+0,-863.7930E-9
60.4247E+0,-864.5889E-9
60.4426E+0,-865.9501E-9
60.4605E+0,-866.0547E-9
60.4784E+0,-864.9657E-9
60.4963E+0,-864.5889E-9
60.5143E+0,-864.3166E-9
60.5322E+0,-863.8349E-9
60.5501E+0,-863.5207E-9
60.5680E+0,-865.6150E-9
60.5859E+0,-867.4160E-9
60.6039E+0,-868.8191E-9
60.6217E+0,-870.0547E-9
60.6397E+0,-871.0180E-9
60.6576E+0,-871.4997E-9
60.6755E+0,-870.3898E-9
60.6934E+0,-869.6567E-9
60.7113E+0,-869.0704E-9
60.7292E+0,-868.8400E-9
60.7472E+0,-868.4003E-9
60.7651E+0,-869.8033E-9
60.7830E+0,-871.8347E-9
60.8009E+0,-873.1122E-9
60.8188E+0,-874.4943E-9
60.8368E+0,-875.2902E-9
60.8547E+0,-876.1488E-9
60.8726E+0,-874.4735E-9
60.8905E+0,-873.7824E-9
60.9084E+0,-873.3635E-9
60.9263E+0,-873.1959E-9
60.9443E+0,-872.6306E-9
60.9622E+0,-874.0964E-9
60.9801E+0,-875.5624E-9
60.9980E+0,-876.8817E-9
61.0159E+0,-878.3059E-9
61.0339E+0,-879.2063E-9
61.0518E+0,-880.1906E-9
61.0697E+0,-878.8084E-9
61.0876E+0,-878.0127E-9
61.1056E+0,-877.7195E-9
61.1234E+0,-877.4472E-9
61.1414E+0,-876.8817E-9
61.1593E+0,-877.4053E-9
61.1772E+0,-879.5833E-9
61.1951E+0,-881.4890E-9
61.2130E+0,-882.4314E-9
61.2309E+0,-883.5832E-9
61.2489E+0,-884.4627E-9
61.2668E+0,-883.0177E-9
61.2847E+0,-882.4732E-9
61.3027E+0,-881.8450E-9
61.3205E+0,-881.5309E-9
61.3385E+0,-881.3215E-9
61.3564E+0,-881.2586E-9
61.3743E+0,-883.2481E-9
61.3922E+0,-884.4837E-9
61.4101E+0,-886.1172E-9
61.4280E+0,-887.3318E-9
61.4459E+0,-888.1905E-9
61.4638E+0,-887.3108E-9
61.4818E+0,-886.4523E-9
61.4997E+0,-885.6983E-9
61.5176E+0,-885.5309E-9
61.5355E+0,-885.1329E-9
61.5534E+0,-885.0910E-9
61.5714E+0,-887.2480E-9
61.5893E+0,-888.7768E-9
61.6072E+0,-890.3265E-9
61.6251E+0,-891.1852E-9
61.6430E+0,-891.9391E-9
61.6609E+0,-891.4783E-9
61.6788E+0,-890.6197E-9
61.6968E+0,-889.9914E-9
61.7147E+0,-889.6982E-9
61.7326E+0,-889.6145E-9
61.7505E+0,-889.1747E-9
61.7685E+0,-890.7035E-9
61.7864E+0,-892.0438E-9
61.8043E+0,-892.8605E-9
61.8222E+0,-894.3055E-9
61.8401E+0,-895.1641E-9
61.8580E+0,-895.7505E-9
61.8759E+0,-894.2217E-9
61.8939E+0,-893.7400E-9
61.9118E+0,-893.3632E-9
61.9297E+0,-893.1328E-9
61.9476E+0,-892.6301E-9
61.9655E+0,-894.3265E-9
61.9834E+0,-895.4364E-9
62.0014E+0,-896.9232E-9
62.0193E+0,-898.1170E-9
62.0372E+0,-899.5200E-9
62.0551E+0,-899.9808E-9
62.0730E+0,-898.5148E-9
62.0910E+0,-897.6771E-9
62.1089E+0,-897.1326E-9
62.1268E+0,-897.1955E-9
62.1447E+0,-896.8186E-9
62.1626E+0,-897.9075E-9
62.1805E+0,-898.9755E-9
62.1984E+0,-900.2111E-9
62.2163E+0,-901.1954E-9
62.2343E+0,-902.1168E-9
62.2522E+0,-902.6823E-9
62.2701E+0,-901.4467E-9
62.2880E+0,-900.7975E-9
62.3060E+0,-900.4834E-9
62.3239E+0,-900.1693E-9
62.3418E+0,-899.7923E-9
62.3597E+0,-900.6090E-9
62.3776E+0,-901.9074E-9
62.3956E+0,-902.9546E-9
62.4135E+0,-904.0017E-9
62.4314E+0,-904.5671E-9
62.4493E+0,-905.2582E-9
62.4672E+0,-904.3158E-9
62.4851E+0,-903.7923E-9
62.5031E+0,-903.0592E-9
62.5210E+0,-902.9755E-9
62.5389E+0,-902.6823E-9
62.5568E+0,-902.7241E-9
62.5747E+0,-904.5042E-9
62.5926E+0,-905.6561E-9
62.6106E+0,-906.8916E-9
62.6284E+0,-908.0434E-9
62.6464E+0,-908.8811E-9
62.6643E+0,-907.9806E-9
62.6822E+0,-907.1011E-9
62.7001E+0,-906.6404E-9
62.7180E+0,-906.4310E-9
62.7359E+0,-906.3262E-9
62.7538E+0,-905.8446E-9
62.7718E+0,-908.0434E-9
62.7897E+0,-909.2790E-9
62.8076E+0,-910.0539E-9
62.8255E+0,-911.0173E-9
62.8434E+0,-912.1481E-9
62.8614E+0,-911.4989E-9
62.8793E+0,-910.5146E-9
62.8972E+0,-910.2424E-9
62.9151E+0,-909.9911E-9
62.9330E+0,-909.5722E-9
62.9510E+0,-909.4675E-9
62.9689E+0,-911.4780E-9
62.9868E+0,-912.6507E-9
63.0047E+0,-913.4255E-9
63.0226E+0,-914.2423E-9
63.0405E+0,-914.9962E-9
63.0585E+0,-915.0590E-9
63.0764E+0,-914.0329E-9
63.0943E+0,-913.2999E-9
63.1122E+0,-913.2370E-9
63.1301E+0,-912.7345E-9
63.1480E+0,-912.4413E-9
63.1659E+0,-914.3261E-9
63.1838E+0,-915.2894E-9
63.2017E+0,-915.9177E-9
63.2197E+0,-916.6716E-9
63.2376E+0,-917.3417E-9
63.2555E+0,-917.9909E-9
63.2734E+0,-916.4831E-9
63.2913E+0,-915.9595E-9
63.3093E+0,-915.6664E-9
63.3272E+0,-915.2056E-9
63.3451E+0,-914.8915E-9
63.3630E+0,-916.1689E-9
63.3809E+0,-917.2579E-9
63.3989E+0,-918.0956E-9
63.4168E+0,-919.0380E-9
63.4347E+0,-919.8757E-9
63.4526E+0,-920.6715E-9
63.4705E+0,-919.4150E-9
63.4884E+0,-918.7029E-9
63.5063E+0,-918.5773E-9
63.5242E+0,-917.8652E-9
63.5421E+0,-917.7816E-9
63.5601E+0,-918.6401E-9
63.5780E+0,-920.3574E-9
63.5959E+0,-921.9071E-9
63.6138E+0,-922.7448E-9
63.6317E+0,-923.0170E-9
63.6497E+0,-923.7290E-9
63.6676E+0,-922.6400E-9
63.6855E+0,-921.8233E-9
63.7034E+0,-921.3626E-9
63.7213E+0,-920.9227E-9
63.7392E+0,-920.7553E-9
63.7572E+0,-921.4254E-9
63.7751E+0,-923.1636E-9
63.7930E+0,-923.9594E-9
63.8109E+0,-924.7552E-9
63.8288E+0,-925.4253E-9
63.8467E+0,-926.1164E-9
63.8647E+0,-925.1740E-9
63.8826E+0,-924.6295E-9
63.9005E+0,-924.1269E-9
63.9184E+0,-923.5405E-9
63.9363E+0,-923.3521E-9
63.9542E+0,-923.1008E-9
63.9721E+0,-925.2997E-9
63.9900E+0,-926.3886E-9
64.0079E+0,-926.7237E-9
64.0259E+0,-927.3519E-9
64.0438E+0,-928.5038E-9
64.0617E+0,-927.6242E-9
64.0796E+0,-926.8913E-9
64.0975E+0,-926.3049E-9
64.1155E+0,-925.8651E-9
64.1334E+0,-925.8651E-9
64.1513E+0,-925.6767E-9
64.1692E+0,-927.4148E-9
64.1871E+0,-928.4200E-9
64.2050E+0,-929.2787E-9
64.2230E+0,-930.2629E-9
64.2409E+0,-930.9331E-9
64.2588E+0,-930.6399E-9
64.2767E+0,-929.6556E-9
64.2946E+0,-929.1949E-9
64.3125E+0,-928.7970E-9
64.3304E+0,-928.6504E-9
64.3483E+0,-928.2315E-9
64.3662E+0,-929.7394E-9
64.3841E+0,-931.1216E-9
64.4020E+0,-932.1687E-9
64.4200E+0,-932.6712E-9
64.4379E+0,-933.1948E-9
64.4558E+0,-933.9068E-9
64.4738E+0,-932.4828E-9
64.4917E+0,-931.9173E-9
64.5096E+0,-931.3518E-9
64.5275E+0,-931.1426E-9
64.5454E+0,-930.7445E-9
64.5633E+0,-932.4200E-9
64.5813E+0,-933.6974E-9
64.5992E+0,-934.4304E-9
64.6171E+0,-934.7654E-9
64.6350E+0,-935.5193E-9
64.6529E+0,-936.3152E-9
64.6708E+0,-934.6608E-9
64.6887E+0,-934.1791E-9
64.7066E+0,-933.5508E-9
64.7246E+0,-933.3205E-9
64.7425E+0,-932.9225E-9
64.7604E+0,-932.9225E-9
64.7784E+0,-932.7760E-9
64.7963E+0,-932.5038E-9
64.8142E+0,-932.1896E-9
64.8321E+0,-931.9801E-9
64.8500E+0,-931.8965E-9
64.8680E+0,-931.8545E-9
64.8859E+0,-931.7707E-9
64.9038E+0,-931.5613E-9
64.9217E+0,-931.0588E-9
64.9396E+0,-931.2262E-9
64.9576E+0,-931.1634E-9
64.9755E+0,-931.1006E-9
64.9934E+0,-930.7445E-9
65.0113E+0,-930.4723E-9
65.0292E+0,-930.7237E-9
65.0471E+0,-930.4933E-9
65.0650E+0,-930.5143E-9
65.0830E+0,-930.1582E-9
65.1009E+0,-930.3049E-9
65.1188E+0,-929.9698E-9
65.1367E+0,-929.8650E-9
65.1546E+0,-929.8232E-9
65.1725E+0,-929.6975E-9
65.1904E+0,-929.8022E-9
65.2084E+0,-929.1949E-9
65.2263E+0,-929.3624E-9
65.2442E+0,-929.4043E-9
65.2621E+0,-929.2158E-9
65.2800E+0,-928.9226E-9
65.2979E+0,-928.8808E-9
65.3158E+0,-928.6713E-9
65.3337E+0,-928.5457E-9
65.3516E+0,-928.5876E-9
65.3695E+0,-928.5666E-9
65.3874E+0,-928.5457E-9
65.4053E+0,-928.5666E-9
65.4232E+0,-928.0431E-9
65.4412E+0,-928.2315E-9
65.4591E+0,-928.0221E-9
65.4770E+0,-927.8127E-9
65.4949E+0,-927.7918E-9
65.5129E+0,-927.5614E-9
65.5308E+0,-927.6662E-9
65.5487E+0,-927.7290E-9
65.5667E+0,-927.2263E-9
65.5846E+0,-927.2682E-9
65.6025E+0,-927.1007E-9
65.6204E+0,-926.9541E-9
65.6383E+0,-926.9331E-9
65.6563E+0,-926.9541E-9
65.6742E+0,-926.7865E-9
65.6921E+0,-926.4934E-9
65.7100E+0,-926.7237E-9
65.7280E+0,-926.6190E-9
65.7459E+0,-926.4514E-9
65.7638E+0,-926.2212E-9
65.7817E+0,-926.1792E-9
65.7996E+0,-925.9069E-9
65.8176E+0,-925.9279E-9
65.8355E+0,-925.8861E-9
65.8534E+0,-925.8861E-9
65.8713E+0,-925.8233E-9
65.8892E+0,-925.7185E-9
65.9071E+0,-925.6347E-9
65.9250E+0,-925.5091E-9
65.9430E+0,-925.5510E-9
65.9609E+0,-925.2368E-9
65.9788E+0,-925.0902E-9
65.9967E+0,-925.0693E-9
66.0146E+0,-924.9227E-9
66.0325E+0,-924.6295E-9
66.0504E+0,-924.6295E-9
66.0683E+0,-924.6714E-9
66.0863E+0,-924.6505E-9
66.1042E+0,-924.5248E-9
66.1221E+0,-924.7761E-9
66.1400E+0,-924.3573E-9
66.1579E+0,-924.4620E-9
66.1758E+0,-924.1898E-9
66.1937E+0,-924.0013E-9
66.2116E+0,-923.8756E-9
66.2296E+0,-924.1269E-9
66.2475E+0,-924.0222E-9
66.2654E+0,-923.8128E-9
66.2833E+0,-923.6243E-9
66.3012E+0,-923.5405E-9
66.3191E+0,-923.2264E-9
66.3370E+0,-923.3521E-9
66.3549E+0,-923.1636E-9
66.3728E+0,-923.1217E-9
66.3907E+0,-922.9542E-9
66.4086E+0,-922.8285E-9
66.4265E+0,-923.1008E-9
66.4445E+0,-922.8494E-9
66.4623E+0,-922.7866E-9
66.4803E+0,-922.8076E-9
66.4982E+0,-922.7238E-9
66.5162E+0,-922.5772E-9
66.5341E+0,-922.4306E-9
66.5520E+0,-922.3049E-9
66.5699E+0,-922.2421E-9
66.5879E+0,-922.4934E-9
66.6058E+0,-922.2421E-9
66.6237E+0,-922.2211E-9
66.6416E+0,-922.2003E-9
66.6595E+0,-922.1583E-9
66.6775E+0,-921.8861E-9
66.6954E+0,-921.8652E-9
66.7133E+0,-921.8442E-9
66.7313E+0,-921.8024E-9
66.7492E+0,-921.8652E-9
66.7671E+0,-921.6138E-9
66.7850E+0,-921.4464E-9
66.8029E+0,-921.3626E-9
66.8209E+0,-921.2160E-9
66.8388E+0,-921.1741E-9
66.8567E+0,-921.1322E-9
66.8746E+0,-921.0485E-9
66.8925E+0,-920.9019E-9
66.9105E+0,-920.9647E-9
66.9284E+0,-920.7343E-9
66.9463E+0,-920.7343E-9
66.9643E+0,-920.6715E-9
66.9822E+0,-920.6087E-9
67.0001E+0,-920.4621E-9
67.0180E+0,-920.1689E-9
67.0359E+0,-920.1480E-9
67.0538E+0,-920.1480E-9
67.0717E+0,-920.2108E-9
67.0897E+0,-920.3364E-9
67.1076E+0,-920.0014E-9
67.1255E+0,-919.9176E-9
67.1434E+0,-919.6453E-9
67.1613E+0,-919.8967E-9
67.1792E+0,-919.4569E-9
67.1972E+0,-919.4150E-9
67.2151E+0,-919.1637E-9
67.2330E+0,-919.4150E-9
67.2509E+0,-919.2265E-9
67.2688E+0,-919.1637E-9
67.2867E+0,-919.1637E-9
67.3046E+0,-919.0380E-9
67.3226E+0,-918.8914E-9
67.3405E+0,-918.9961E-9
67.3584E+0,-918.7239E-9
67.3763E+0,-918.9123E-9
67.3942E+0,-918.5773E-9
67.4121E+0,-918.4307E-9
67.4300E+0,-918.1794E-9
67.4479E+0,-918.3469E-9
67.4658E+0,-918.3260E-9
67.4837E+0,-918.1375E-9
67.5016E+0,-918.1584E-9
67.5195E+0,-917.9909E-9
67.5375E+0,-917.7816E-9
67.5554E+0,-917.6349E-9
67.5733E+0,-917.6558E-9
67.5912E+0,-917.7186E-9
67.6091E+0,-917.5721E-9
67.6270E+0,-917.5093E-9
67.6449E+0,-917.4464E-9
67.6628E+0,-917.4883E-9
67.6808E+0,-917.2789E-9
67.6987E+0,-917.0905E-9
67.7166E+0,-917.1533E-9
67.7345E+0,-917.1323E-9
67.7525E+0,-916.9229E-9
67.7704E+0,-917.2161E-9
67.7883E+0,-916.6924E-9
67.8062E+0,-916.7134E-9
67.8242E+0,-916.7134E-9
67.8421E+0,-916.3994E-9
67.8600E+0,-916.4831E-9
67.8779E+0,-916.6296E-9
67.8959E+0,-916.3574E-9
67.9137E+0,-916.1061E-9
67.9317E+0,-916.0223E-9
67.9496E+0,-916.0433E-9
67.9675E+0,-915.9595E-9
67.9855E+0,-915.9805E-9
68.0034E+0,-915.8339E-9
68.0213E+0,-915.6873E-9
68.0392E+0,-915.7711E-9
68.0571E+0,-915.6245E-9
68.0751E+0,-915.4570E-9
68.0930E+0,-915.5826E-9
68.1109E+0,-915.5617E-9
68.1288E+0,-915.3522E-9
68.1467E+0,-915.2266E-9
68.1646E+0,-915.1009E-9
68.1826E+0,-915.0172E-9
68.2005E+0,-914.9543E-9
68.2184E+0,-915.2056E-9
68.2363E+0,-914.8706E-9
68.2542E+0,-914.7449E-9
68.2722E+0,-914.7239E-9
68.2901E+0,-914.6821E-9
68.3080E+0,-914.6192E-9
68.3259E+0,-914.6821E-9
68.3438E+0,-914.3470E-9
68.3617E+0,-914.2632E-9
68.3797E+0,-914.1166E-9
68.3976E+0,-914.1166E-9
68.4155E+0,-913.8444E-9
68.4334E+0,-913.8025E-9
68.4513E+0,-913.9910E-9
68.4692E+0,-913.8235E-9
68.4872E+0,-913.8863E-9
68.5051E+0,-913.5721E-9
68.5230E+0,-913.6559E-9
68.5409E+0,-913.5093E-9
68.5588E+0,-913.2790E-9
68.5767E+0,-913.3418E-9
68.5946E+0,-913.2161E-9
68.6125E+0,-913.0486E-9
68.6304E+0,-913.1114E-9
68.6483E+0,-913.1533E-9
68.6662E+0,-912.9648E-9
68.6841E+0,-912.8392E-9
68.7020E+0,-912.8182E-9
68.7199E+0,-912.7973E-9
68.7379E+0,-912.7345E-9
68.7558E+0,-912.5459E-9
68.7737E+0,-912.4831E-9
68.7916E+0,-912.1481E-9
68.8095E+0,-912.3365E-9
68.8274E+0,-912.0853E-9
68.8453E+0,-912.1900E-9
68.8632E+0,-911.9596E-9
68.8811E+0,-911.8968E-9
68.8991E+0,-912.0643E-9
68.9170E+0,-911.9386E-9
68.9349E+0,-911.8130E-9
68.9529E+0,-911.5408E-9
68.9708E+0,-911.6455E-9
68.9887E+0,-911.6036E-9
69.0066E+0,-911.3942E-9
69.0246E+0,-911.1639E-9
69.0425E+0,-911.0381E-9
69.0604E+0,-911.0381E-9
69.0783E+0,-910.9753E-9
69.0963E+0,-910.8078E-9
69.1142E+0,-910.8497E-9
69.1321E+0,-910.6193E-9
69.1500E+0,-910.3262E-9
69.1679E+0,-910.4308E-9
69.1859E+0,-910.4727E-9
69.2038E+0,-910.4518E-9
69.2217E+0,-910.2214E-9
69.2396E+0,-910.3262E-9
69.2575E+0,-910.1167E-9
69.2755E+0,-910.0120E-9
69.2934E+0,-909.8864E-9
69.3113E+0,-909.9701E-9
69.3292E+0,-909.6141E-9
69.3472E+0,-909.8235E-9
69.3650E+0,-909.8445E-9
69.3830E+0,-909.5722E-9
69.4009E+0,-909.4884E-9
69.4188E+0,-909.4047E-9
69.4367E+0,-909.2162E-9
69.4546E+0,-909.1324E-9
69.4725E+0,-909.6769E-9
69.4905E+0,-910.3680E-9
69.5084E+0,-910.4936E-9
69.5263E+0,-910.2005E-9
69.5442E+0,-909.9911E-9
69.5621E+0,-909.3209E-9
69.5801E+0,-908.8183E-9
69.5980E+0,-908.0644E-9
69.6159E+0,-906.1797E-9
69.6338E+0,-905.1325E-9
69.6517E+0,-904.2739E-9
69.6696E+0,-903.8760E-9
69.6876E+0,-903.3524E-9
69.7055E+0,-903.3315E-9
69.7234E+0,-904.0645E-9
69.7413E+0,-904.0435E-9
69.7592E+0,-903.7295E-9
69.7771E+0,-903.1640E-9
69.7951E+0,-902.7033E-9
69.8130E+0,-901.4258E-9
69.8309E+0,-899.9808E-9
69.8488E+0,-899.2478E-9
69.8667E+0,-898.6405E-9
69.8846E+0,-898.0542E-9
69.9026E+0,-897.8237E-9
69.9205E+0,-898.4520E-9
69.9384E+0,-898.4939E-9
69.9563E+0,-898.1588E-9
69.9742E+0,-897.4677E-9
69.9921E+0,-897.0280E-9
70.0100E+0,-895.9180E-9
70.0280E+0,-894.5149E-9
70.0459E+0,-893.3212E-9
70.0638E+0,-892.9233E-9
70.0817E+0,-892.5255E-9
70.0997E+0,-892.3160E-9
70.1175E+0,-893.0281E-9
70.1355E+0,-892.9861E-9
70.1534E+0,-892.5255E-9
70.1713E+0,-891.9391E-9
70.1892E+0,-891.3317E-9
70.2071E+0,-890.8291E-9
70.2250E+0,-888.7768E-9
70.2429E+0,-887.9811E-9
70.2609E+0,-887.2900E-9
70.2788E+0,-886.6198E-9
70.2967E+0,-886.3266E-9
70.3146E+0,-886.9968E-9
70.3325E+0,-887.0805E-9
70.3504E+0,-886.8711E-9
70.3683E+0,-886.1381E-9
70.3863E+0,-885.3004E-9
70.4042E+0,-884.9235E-9
70.4221E+0,-883.2063E-9
70.4400E+0,-882.0335E-9
70.4579E+0,-881.3005E-9
70.4758E+0,-881.1120E-9
70.4937E+0,-880.6513E-9
70.5116E+0,-880.8398E-9
70.5295E+0,-881.1749E-9
70.5474E+0,-881.1120E-9
70.5654E+0,-880.3790E-9
70.5833E+0,-880.0440E-9
70.6012E+0,-879.3319E-9
70.6191E+0,-877.5310E-9
70.6370E+0,-876.7771E-9
70.6549E+0,-875.8137E-9
70.6728E+0,-875.6252E-9
70.6908E+0,-875.1436E-9
70.7087E+0,-874.7037E-9
70.7266E+0,-875.4996E-9
70.7445E+0,-875.5414E-9
70.7624E+0,-875.1436E-9
70.7803E+0,-874.4525E-9
70.7982E+0,-873.5730E-9
70.8162E+0,-871.9394E-9
70.8341E+0,-870.8715E-9
70.8520E+0,-870.2432E-9
70.8699E+0,-869.6987E-9
70.8878E+0,-869.3217E-9
70.9057E+0,-869.0494E-9
70.9236E+0,-869.8243E-9
70.9415E+0,-869.7195E-9
70.9595E+0,-869.3008E-9
70.9774E+0,-868.7982E-9
70.9953E+0,-868.2327E-9
71.0133E+0,-866.6830E-9
71.0311E+0,-865.3846E-9
71.0491E+0,-864.6935E-9
71.0670E+0,-864.2328E-9
71.0849E+0,-863.5627E-9
71.1028E+0,-863.5627E-9
71.1207E+0,-864.2328E-9
71.1386E+0,-864.2538E-9
71.1565E+0,-863.8558E-9
71.1745E+0,-863.1438E-9
71.1924E+0,-862.5574E-9
71.2103E+0,-861.6150E-9
71.2282E+0,-859.8979E-9
71.2462E+0,-859.1230E-9
71.2641E+0,-858.4319E-9
71.2820E+0,-858.2434E-9
71.2999E+0,-857.7617E-9
71.3178E+0,-858.3272E-9
71.3357E+0,-858.2015E-9
71.3537E+0,-858.0759E-9
71.3716E+0,-857.6151E-9
71.3895E+0,-856.8822E-9
71.4074E+0,-856.2121E-9
71.4254E+0,-854.4110E-9
71.4433E+0,-853.6361E-9
71.4612E+0,-853.0916E-9
71.4791E+0,-852.7775E-9
71.4970E+0,-852.4005E-9
71.5150E+0,-852.7147E-9
71.5329E+0,-852.9032E-9
71.5508E+0,-852.7357E-9
71.5687E+0,-852.1283E-9
71.5867E+0,-851.4581E-9
71.6046E+0,-850.9136E-9
71.6225E+0,-849.1336E-9
71.6404E+0,-848.3588E-9
71.6583E+0,-847.6467E-9
71.6763E+0,-847.4164E-9
71.6942E+0,-846.8928E-9
71.7121E+0,-847.2488E-9
71.7300E+0,-847.6467E-9
71.7480E+0,-847.3954E-9
71.7659E+0,-846.9976E-9
71.7838E+0,-846.2227E-9
71.8018E+0,-845.8666E-9
71.8197E+0,-843.9609E-9
71.8376E+0,-843.0814E-9
71.8555E+0,-842.5997E-9
71.8734E+0,-842.0972E-9
71.8913E+0,-841.8457E-9
71.9093E+0,-841.7201E-9
71.9272E+0,-842.4112E-9
71.9451E+0,-842.2437E-9
71.9630E+0,-841.7829E-9
71.9809E+0,-841.1966E-9
71.9989E+0,-840.5055E-9
72.0168E+0,-839.0396E-9
72.0347E+0,-837.8459E-9
72.0526E+0,-837.3642E-9
72.0705E+0,-836.7569E-9
72.0885E+0,-836.5056E-9
72.1064E+0,-836.4219E-9
72.1243E+0,-837.2804E-9
72.1422E+0,-837.1966E-9
72.1601E+0,-836.6313E-9
72.1780E+0,-835.9611E-9
72.1960E+0,-835.4166E-9
72.2139E+0,-833.9088E-9
72.2318E+0,-832.9665E-9
72.2497E+0,-832.1916E-9
72.2676E+0,-831.7937E-9
72.2856E+0,-831.4376E-9
72.3035E+0,-831.1864E-9
72.3214E+0,-831.8773E-9
72.3393E+0,-831.7727E-9
72.3573E+0,-831.4586E-9
72.3752E+0,-830.9978E-9
72.3931E+0,-830.2021E-9
72.4110E+0,-829.1130E-9
72.4289E+0,-827.6680E-9
72.4468E+0,-827.1445E-9
72.4647E+0,-826.5791E-9
72.4827E+0,-826.3906E-9
72.5006E+0,-826.0765E-9
72.5185E+0,-826.8095E-9
72.5364E+0,-826.7675E-9
72.5543E+0,-826.4324E-9
72.5722E+0,-825.9299E-9
72.5902E+0,-825.3854E-9
72.6081E+0,-824.4849E-9
72.6260E+0,-822.9561E-9
72.6439E+0,-822.0975E-9
72.6618E+0,-821.6577E-9
72.6797E+0,-821.3854E-9
72.6976E+0,-820.9038E-9
72.7156E+0,-821.6158E-9
72.7335E+0,-821.6996E-9
72.7514E+0,-821.4692E-9
72.7693E+0,-820.6944E-9
72.7872E+0,-820.3384E-9
72.8051E+0,-819.7311E-9
72.8231E+0,-818.0556E-9
72.8410E+0,-817.3227E-9
72.8589E+0,-816.6945E-9
72.8768E+0,-816.2756E-9
72.8947E+0,-815.8987E-9
72.9126E+0,-816.2547E-9
72.9305E+0,-816.5269E-9
72.9484E+0,-816.4012E-9
72.9663E+0,-815.8149E-9
72.9842E+0,-815.4589E-9
73.0022E+0,-815.1238E-9
73.0201E+0,-813.2600E-9
73.0380E+0,-812.4013E-9
73.0559E+0,-811.8359E-9
73.0738E+0,-811.3752E-9
73.0917E+0,-811.1658E-9
73.1097E+0,-811.2286E-9
73.1276E+0,-811.8359E-9
73.1455E+0,-811.5846E-9
73.1634E+0,-811.2077E-9
73.1813E+0,-810.7050E-9
73.1992E+0,-810.0559E-9
73.2172E+0,-808.5481E-9
73.2351E+0,-807.6685E-9
73.2530E+0,-806.9774E-9
73.2709E+0,-806.4957E-9
73.2888E+0,-806.2444E-9
73.3067E+0,-806.0350E-9
73.3246E+0,-806.8517E-9
73.3425E+0,-806.6842E-9
73.3605E+0,-806.3282E-9
73.3784E+0,-805.8674E-9
73.3963E+0,-805.1973E-9
73.4142E+0,-803.9199E-9
73.4321E+0,-802.8937E-9
73.4501E+0,-802.0351E-9
73.4680E+0,-801.8884E-9
73.4859E+0,-801.5325E-9
73.5038E+0,-801.3021E-9
73.5217E+0,-802.0770E-9
73.5396E+0,-802.2654E-9
73.5575E+0,-801.7628E-9
73.5755E+0,-801.4068E-9
73.5934E+0,-800.7576E-9
73.6113E+0,-799.4592E-9
73.6292E+0,-797.9723E-9
73.6471E+0,-797.4069E-9
