sigma,noise_seed,sample_count,correct,accuracy,macro_recall,clipped_fraction,seconds
0.0,100,4894,4593,0.9384961176951369,0.9135499158163141,0.0,5.368408428999828
0.01,100,4894,4425,0.9041683694319576,0.8458669191296042,6.417496662901735e-06,5.164874112999996
0.01,101,4894,3929,0.8028197793216183,0.7540598142143576,6.417496662901735e-06,5.10144842700015
0.01,102,4894,1729,0.35328974254188805,0.41071830290871664,0.0,5.44585449300007
0.01,103,4894,4080,0.8336738863914998,0.8348537864603888,6.417496662901735e-06,5.24593687499987
0.01,104,4894,3730,0.7621577441765427,0.6507097818905346,0.0,5.489562529000068
0.02,100,4894,3455,0.7059664895790764,0.6288294352838373,6.417496662901735e-06,5.214497839999922
0.02,101,4894,2866,0.5856150388230487,0.5619513045136513,6.417496662901735e-06,5.4299136610000005
0.02,102,4894,681,0.13914997956681652,0.2459872601096098,0.0,5.302523401999906
0.02,103,4894,2946,0.6019615856150389,0.6380038235132149,9.626244994352604e-06,5.2760595170000215
0.02,104,4894,2555,0.5220678381691868,0.4476086243581978,3.2087483314508676e-06,5.128889220000019
0.05,100,4894,1233,0.25194115243154885,0.33837135517769923,9.626244994352604e-06,5.492396532999919
0.05,101,4894,1038,0.21209644462607274,0.28661306248387924,1.9252489988705207e-05,5.405854798000064
0.05,102,4894,276,0.05639558643236616,0.14435146443514643,9.626244994352604e-06,5.112942297000018
0.05,103,4894,1311,0.26787903555373926,0.31515364558199405,9.626244994352604e-06,5.318627377999974
0.05,104,4894,1434,0.2930118512464242,0.30930314819405524,9.626244994352604e-06,5.479204815000003
0.1,100,4894,762,0.15570085819370658,0.2363229737398012,3.5296231645959544e-05,5.065512084999909
0.1,101,4894,719,0.14691458929301185,0.2298345961236441,6.0966218297566484e-05,5.394582041000149
0.1,102,4894,170,0.03473641193297916,0.1,4.492247664031215e-05,5.181106549999868
0.1,103,4894,1058,0.2161830813240703,0.24535417843508728,5.454872163466475e-05,5.295103325999889
0.1,104,4894,256,0.052308949734368615,0.10530873516186856,4.813122497176302e-05,5.301819374000161
0.2,100,4894,412,0.08418471597874949,0.10957250329381732,0.015703614334120545,5.2373452860001635
0.2,101,4894,339,0.06926849203105843,0.10736219352950757,0.015453331964267378,5.175398657999949
0.2,102,4894,298,0.06089088680016347,0.07603485838779957,0.01569077934079474,5.2717432389999885
0.2,103,4894,695,0.1420106252554148,0.10081183386587829,0.015883304240681795,5.1121663849999095
0.2,104,4894,208,0.0425010216591745,0.0722903104442899,0.015770998049081015,5.286089798000148
